station_idx,neighbor_idx,weight,rank
0,1,0.9962186,1
0,2,0.98495996,2
0,11,0.9816772,3
0,12,0.97796625,4
0,10,0.97796625,5
0,13,0.96691734,6
0,9,0.96691734,7
0,3,0.96647763,8
0,14,0.94877917,9
0,4,0.94118357,10
1,2,0.9962186,1
1,0,0.9962186,2
1,3,0.98495996,3
1,12,0.9816772,4
1,13,0.97796625,5
1,11,0.97796625,6
1,14,0.96691734,7
1,10,0.96691734,8
1,4,0.96647763,9
1,15,0.94877917,10
2,3,0.9962186,1
2,1,0.9962186,2
2,4,0.98495996,3
2,0,0.98495996,4
2,13,0.9816772,5
2,14,0.97796625,6
2,12,0.97796625,7
2,15,0.96691734,8
2,11,0.96691734,9
2,5,0.96647763,10
3,4,0.9962186,1
3,2,0.9962186,2
3,5,0.98495996,3
3,1,0.98495996,4
3,14,0.9816772,5
3,15,0.97796625,6
3,13,0.97796625,7
3,16,0.96691734,8
3,12,0.96691734,9
3,6,0.96647763,10
4,5,0.9962186,1
4,3,0.9962186,2
4,6,0.98495996,3
4,2,0.98495996,4
4,15,0.9816772,5
4,16,0.97796625,6
4,14,0.97796625,7
4,17,0.96691734,8
4,13,0.96691734,9
4,7,0.96647763,10
5,6,0.9962186,1
5,4,0.9962186,2
5,7,0.98495996,3
5,3,0.98495996,4
5,16,0.9816772,5
5,17,0.97796625,6
5,15,0.97796625,7
5,18,0.96691734,8
5,14,0.96691734,9
5,8,0.96647763,10
6,7,0.9962186,1
6,5,0.9962186,2
6,8,0.98495996,3
6,4,0.98495996,4
6,17,0.9816772,5
6,18,0.97796625,6
6,16,0.97796625,7
6,19,0.96691734,8
6,15,0.96691734,9
6,3,0.96647763,10
7,8,0.9962186,1
7,6,0.9962186,2
7,5,0.98495996,3
7,18,0.9816772,4
7,17,0.97796625,5
7,19,0.97796625,6
7,16,0.96691734,7
7,20,0.96691734,8
7,4,0.96647763,9
7,21,0.94877917,10
8,7,0.9962186,1
8,6,0.98495996,2
8,19,0.9816772,3
8,20,0.97796625,4
8,18,0.97796625,5
8,21,0.96691734,6
8,17,0.96691734,7
8,5,0.96647763,8
8,16,0.94877917,9
8,22,0.94877917,10
9,10,0.99622095,1
9,11,0.9849693,2
9,26,0.9816772,3
9,27,0.9779686,4
9,28,0.96692663,5
9,0,0.96691734,6
9,12,0.9664983,7
9,29,0.9487997,8
9,1,0.94877917,9
9,13,0.94121933,10
10,11,0.99622095,1
10,9,0.99622095,2
10,12,0.9849693,3
10,27,0.9816772,4
10,26,0.9779686,5
10,28,0.9779686,6
10,0,0.97796625,7
10,29,0.96692663,8
10,1,0.96691734,9
10,13,0.9664983,10
11,12,0.99622095,1
11,10,0.99622095,2
11,13,0.9849693,3
11,9,0.9849693,4
11,28,0.9816772,5
11,0,0.9816772,6
11,29,0.9779686,7
11,27,0.9779686,8
11,1,0.97796625,9
11,26,0.96692663,10
12,13,0.99622095,1
12,11,0.99622095,2
12,14,0.9849693,3
12,10,0.9849693,4
12,29,0.9816772,5
12,1,0.9816772,6
12,28,0.9779686,7
12,30,0.9779686,8
12,2,0.97796625,9
12,0,0.97796625,10
13,14,0.99622095,1
13,12,0.99622095,2
13,15,0.9849693,3
13,11,0.9849693,4
13,30,0.9816772,5
13,2,0.9816772,6
13,31,0.9779686,7
13,29,0.9779686,8
13,3,0.97796625,9
13,1,0.97796625,10
14,15,0.99622095,1
14,13,0.99622095,2
14,16,0.9849693,3
14,12,0.9849693,4
14,31,0.9816772,5
14,3,0.9816772,6
14,30,0.9779686,7
14,32,0.9779686,8
14,4,0.97796625,9
14,2,0.97796625,10
15,16,0.99622095,1
15,14,0.99622095,2
15,17,0.9849693,3
15,13,0.9849693,4
15,32,0.9816772,5
15,4,0.9816772,6
15,31,0.9779686,7
15,33,0.9779686,8
15,5,0.97796625,9
15,3,0.97796625,10
16,17,0.99622095,1
16,15,0.99622095,2
16,18,0.9849693,3
16,14,0.9849693,4
16,33,0.9816772,5
16,5,0.9816772,6
16,34,0.9779686,7
16,32,0.9779686,8
16,6,0.97796625,9
16,4,0.97796625,10
17,18,0.99622095,1
17,16,0.99622095,2
17,19,0.9849693,3
17,15,0.9849693,4
17,34,0.9816772,5
17,6,0.9816772,6
17,35,0.9779686,7
17,33,0.9779686,8
17,7,0.97796625,9
17,5,0.97796625,10
18,19,0.99622095,1
18,17,0.99622095,2
18,16,0.9849693,3
18,20,0.9849693,4
18,35,0.9816772,5
18,7,0.9816772,6
18,36,0.9779686,7
18,34,0.9779686,8
18,8,0.97796625,9
18,6,0.97796625,10
19,18,0.99622095,1
19,20,0.99622095,2
19,17,0.9849693,3
19,21,0.9849693,4
19,36,0.9816772,5
19,8,0.9816772,6
19,37,0.9779686,7
19,35,0.9779686,8
19,7,0.97796625,9
19,38,0.96692663,10
20,21,0.99622095,1
20,19,0.99622095,2
20,22,0.9849693,3
20,18,0.9849693,4
20,37,0.9816772,5
20,38,0.9779686,6
20,36,0.9779686,7
20,8,0.97796625,8
20,39,0.96692663,9
20,35,0.96692663,10
21,22,0.99622095,1
21,20,0.99622095,2
21,23,0.9849693,3
21,19,0.9849693,4
21,38,0.9816772,5
21,39,0.9779686,6
21,37,0.9779686,7
21,40,0.96692663,8
21,36,0.96692663,9
21,8,0.96691734,10
22,23,0.99622095,1
22,21,0.99622095,2
22,20,0.9849693,3
22,24,0.9849693,4
22,39,0.9816772,5
22,40,0.9779686,6
22,38,0.9779686,7
22,41,0.96692663,8
22,37,0.96692663,9
22,25,0.9664983,10
23,22,0.99622095,1
23,24,0.99622095,2
23,21,0.9849693,3
23,25,0.9849693,4
23,40,0.9816772,5
23,41,0.9779686,6
23,39,0.9779686,7
23,42,0.96692663,8
23,38,0.96692663,9
23,20,0.9664983,10
24,25,0.99622095,1
24,23,0.99622095,2
24,22,0.9849693,3
24,41,0.9816772,4
24,42,0.9779686,5
24,40,0.9779686,6
24,43,0.96692663,7
24,39,0.96692663,8
24,21,0.9664983,9
24,44,0.9487997,10
25,24,0.99622095,1
25,23,0.9849693,2
25,42,0.9816772,3
25,43,0.9779686,4
25,41,0.9779686,5
25,44,0.96692663,6
25,40,0.96692663,7
25,22,0.9664983,8
25,45,0.9487997,9
25,39,0.9487997,10
26,27,0.9962234,1
26,28,0.9849789,2
26,48,0.9816772,3
26,9,0.9816772,4
26,49,0.977971,5
26,47,0.977971,6
26,10,0.9779686,7
26,50,0.9669362,8
26,11,0.96692663,9
26,29,0.9665195,10
27,28,0.9962234,1
27,26,0.9962234,2
27,29,0.9849789,3
27,49,0.9816772,4
27,10,0.9816772,5
27,50,0.977971,6
27,48,0.977971,7
27,11,0.9779686,8
27,9,0.9779686,9
27,51,0.9669362,10
28,29,0.9962234,1
28,27,0.9962234,2
28,26,0.9849789,3
28,30,0.9849789,4
28,50,0.9816772,5
28,11,0.9816772,6
28,51,0.977971,7
28,49,0.977971,8
28,12,0.9779686,9
28,10,0.9779686,10
29,30,0.9962234,1
29,28,0.9962234,2
29,31,0.9849789,3
29,27,0.9849789,4
29,51,0.9816772,5
29,12,0.9816772,6
29,52,0.977971,7
29,50,0.977971,8
29,13,0.9779686,9
29,11,0.9779686,10
30,31,0.9962234,1
30,29,0.9962234,2
30,28,0.9849789,3
30,32,0.9849789,4
30,52,0.9816772,5
30,13,0.9816772,6
30,53,0.977971,7
30,51,0.977971,8
30,14,0.9779686,9
30,12,0.9779686,10
31,30,0.9962234,1
31,32,0.9962234,2
31,29,0.9849789,3
31,33,0.9849789,4
31,53,0.9816772,5
31,14,0.9816772,6
31,54,0.977971,7
31,52,0.977971,8
31,15,0.9779686,9
31,13,0.9779686,10
32,31,0.9962234,1
32,33,0.9962234,2
32,30,0.9849789,3
32,34,0.9849789,4
32,54,0.9816772,5
32,15,0.9816772,6
32,55,0.977971,7
32,53,0.977971,8
32,16,0.9779686,9
32,14,0.9779686,10
33,34,0.9962234,1
33,32,0.9962234,2
33,31,0.9849789,3
33,35,0.9849789,4
33,16,0.9816772,5
33,55,0.9816772,6
33,56,0.977971,7
33,54,0.977971,8
33,17,0.9779686,9
33,15,0.9779686,10
34,35,0.9962234,1
34,33,0.9962234,2
34,36,0.9849789,3
34,32,0.9849789,4
34,17,0.9816772,5
34,56,0.9816772,6
34,57,0.977971,7
34,55,0.977971,8
34,18,0.9779686,9
34,16,0.9779686,10
35,36,0.9962234,1
35,34,0.9962234,2
35,37,0.9849789,3
35,33,0.9849789,4
35,18,0.9816772,5
35,57,0.9816772,6
35,58,0.977971,7
35,56,0.977971,8
35,17,0.9779686,9
35,19,0.9779686,10
36,37,0.9962234,1
36,35,0.9962234,2
36,38,0.9849789,3
36,34,0.9849789,4
36,19,0.9816772,5
36,58,0.9816772,6
36,59,0.977971,7
36,57,0.977971,8
36,18,0.9779686,9
36,20,0.9779686,10
37,38,0.9962234,1
37,36,0.9962234,2
37,39,0.9849789,3
37,35,0.9849789,4
37,20,0.9816772,5
37,59,0.9816772,6
37,60,0.977971,7
37,58,0.977971,8
37,21,0.9779686,9
37,19,0.9779686,10
38,39,0.9962234,1
38,37,0.9962234,2
38,40,0.9849789,3
38,36,0.9849789,4
38,21,0.9816772,5
38,60,0.9816772,6
38,61,0.977971,7
38,59,0.977971,8
38,22,0.9779686,9
38,20,0.9779686,10
39,40,0.9962234,1
39,38,0.9962234,2
39,41,0.9849789,3
39,37,0.9849789,4
39,22,0.9816772,5
39,61,0.9816772,6
39,62,0.977971,7
39,60,0.977971,8
39,23,0.9779686,9
39,21,0.9779686,10
40,41,0.9962234,1
40,39,0.9962234,2
40,42,0.9849789,3
40,38,0.9849789,4
40,23,0.9816772,5
40,62,0.9816772,6
40,61,0.977971,7
40,63,0.977971,8
40,22,0.9779686,9
40,24,0.9779686,10
41,42,0.9962234,1
41,40,0.9962234,2
41,43,0.9849789,3
41,39,0.9849789,4
41,24,0.9816772,5
41,63,0.9816772,6
41,64,0.977971,7
41,62,0.977971,8
41,25,0.9779686,9
41,23,0.9779686,10
42,43,0.9962234,1
42,41,0.9962234,2
42,44,0.9849789,3
42,40,0.9849789,4
42,25,0.9816772,5
42,64,0.9816772,6
42,65,0.977971,7
42,63,0.977971,8
42,24,0.9779686,9
42,62,0.9669362,10
43,44,0.9962234,1
43,42,0.9962234,2
43,45,0.9849789,3
43,41,0.9849789,4
43,65,0.9816772,5
43,66,0.977971,6
43,64,0.977971,7
43,25,0.9779686,8
43,67,0.9669362,9
43,63,0.9669362,10
44,45,0.9962234,1
44,43,0.9962234,2
44,46,0.9849789,3
44,42,0.9849789,4
44,66,0.9816772,5
44,67,0.977971,6
44,65,0.977971,7
44,68,0.9669362,8
44,64,0.9669362,9
44,25,0.96692663,10
45,46,0.9962234,1
45,44,0.9962234,2
45,43,0.9849789,3
45,67,0.9816772,4
45,68,0.977971,5
45,66,0.977971,6
45,69,0.9669362,7
45,65,0.9669362,8
45,42,0.9665195,9
45,64,0.94882077,10
46,45,0.9962234,1
46,44,0.9849789,2
46,68,0.9816772,3
46,69,0.977971,4
46,67,0.977971,5
46,66,0.9669362,6
46,43,0.9665195,7
46,65,0.94882077,8
46,42,0.94125605,9
46,92,0.92869866,10
47,48,0.9962259,1
47,49,0.9849888,2
47,71,0.9816772,3
47,72,0.97797346,4
47,70,0.97797346,5
47,26,0.977971,6
47,73,0.96694595,7
47,27,0.9669362,8
47,50,0.96654123,9
47,74,0.9488424,10
48,49,0.9962259,1
48,47,0.9962259,2
48,50,0.9849888,3
48,26,0.9816772,4
48,72,0.9816772,5
48,73,0.97797346,6
48,71,0.97797346,7
48,27,0.977971,8
48,74,0.96694595,9
48,70,0.96694595,10
49,50,0.9962259,1
49,48,0.9962259,2
49,51,0.9849888,3
49,47,0.9849888,4
49,27,0.9816772,5
49,73,0.9816772,6
49,74,0.97797346,7
49,72,0.97797346,8
49,26,0.977971,9
49,28,0.977971,10
50,51,0.9962259,1
50,49,0.9962259,2
50,52,0.9849888,3
50,48,0.9849888,4
50,28,0.9816772,5
50,74,0.9816772,6
50,75,0.97797346,7
50,73,0.97797346,8
50,29,0.977971,9
50,27,0.977971,10
51,52,0.9962259,1
51,50,0.9962259,2
51,53,0.9849888,3
51,49,0.9849888,4
51,29,0.9816772,5
51,75,0.9816772,6
51,76,0.97797346,7
51,74,0.97797346,8
51,30,0.977971,9
51,28,0.977971,10
52,53,0.9962259,1
52,51,0.9962259,2
52,54,0.9849888,3
52,50,0.9849888,4
52,30,0.9816772,5
52,76,0.9816772,6
52,77,0.97797346,7
52,75,0.97797346,8
52,31,0.977971,9
52,29,0.977971,10
53,52,0.9962259,1
53,54,0.9962259,2
53,55,0.9849888,3
53,51,0.9849888,4
53,31,0.9816772,5
53,77,0.9816772,6
53,78,0.97797346,7
53,76,0.97797346,8
53,30,0.977971,9
53,32,0.977971,10
54,55,0.9962259,1
54,53,0.9962259,2
54,52,0.9849888,3
54,56,0.9849888,4
54,78,0.9816772,5
54,32,0.9816772,6
54,77,0.97797346,7
54,79,0.97797346,8
54,31,0.977971,9
54,33,0.977971,10
55,56,0.9962259,1
55,54,0.9962259,2
55,57,0.9849888,3
55,53,0.9849888,4
55,79,0.9816772,5
55,33,0.9816772,6
55,80,0.97797346,7
55,78,0.97797346,8
55,34,0.977971,9
55,32,0.977971,10
56,57,0.9962259,1
56,55,0.9962259,2
56,58,0.9849888,3
56,54,0.9849888,4
56,80,0.9816772,5
56,34,0.9816772,6
56,81,0.97797346,7
56,79,0.97797346,8
56,35,0.977971,9
56,33,0.977971,10
57,58,0.9962259,1
57,56,0.9962259,2
57,59,0.9849888,3
57,55,0.9849888,4
57,81,0.9816772,5
57,35,0.9816772,6
57,82,0.97797346,7
57,80,0.97797346,8
57,36,0.977971,9
57,34,0.977971,10
58,59,0.9962259,1
58,57,0.9962259,2
58,60,0.9849888,3
58,56,0.9849888,4
58,82,0.9816772,5
58,36,0.9816772,6
58,83,0.97797346,7
58,81,0.97797346,8
58,37,0.977971,9
58,35,0.977971,10
59,60,0.9962259,1
59,58,0.9962259,2
59,61,0.9849888,3
59,57,0.9849888,4
59,83,0.9816772,5
59,37,0.9816772,6
59,84,0.97797346,7
59,82,0.97797346,8
59,38,0.977971,9
59,36,0.977971,10
60,61,0.9962259,1
60,59,0.9962259,2
60,62,0.9849888,3
60,58,0.9849888,4
60,84,0.9816772,5
60,38,0.9816772,6
60,85,0.97797346,7
60,83,0.97797346,8
60,39,0.977971,9
60,37,0.977971,10
61,62,0.9962259,1
61,60,0.9962259,2
61,63,0.9849888,3
61,59,0.9849888,4
61,85,0.9816772,5
61,39,0.9816772,6
61,86,0.97797346,7
61,84,0.97797346,8
61,40,0.977971,9
61,38,0.977971,10
62,63,0.9962259,1
62,61,0.9962259,2
62,64,0.9849888,3
62,60,0.9849888,4
62,86,0.9816772,5
62,40,0.9816772,6
62,87,0.97797346,7
62,85,0.97797346,8
62,41,0.977971,9
62,39,0.977971,10
63,64,0.9962259,1
63,62,0.9962259,2
63,65,0.9849888,3
63,61,0.9849888,4
63,87,0.9816772,5
63,41,0.9816772,6
63,88,0.97797346,7
63,86,0.97797346,8
63,42,0.977971,9
63,40,0.977971,10
64,65,0.9962259,1
64,63,0.9962259,2
64,66,0.9849888,3
64,62,0.9849888,4
64,88,0.9816772,5
64,42,0.9816772,6
64,89,0.97797346,7
64,87,0.97797346,8
64,43,0.977971,9
64,41,0.977971,10
65,66,0.9962259,1
65,64,0.9962259,2
65,67,0.9849888,3
65,63,0.9849888,4
65,89,0.9816772,5
65,43,0.9816772,6
65,90,0.97797346,7
65,88,0.97797346,8
65,44,0.977971,9
65,42,0.977971,10
66,67,0.9962259,1
66,65,0.9962259,2
66,68,0.9849888,3
66,64,0.9849888,4
66,90,0.9816772,5
66,44,0.9816772,6
66,91,0.97797346,7
66,89,0.97797346,8
66,45,0.977971,9
66,43,0.977971,10
67,68,0.9962259,1
67,66,0.9962259,2
67,69,0.9849888,3
67,65,0.9849888,4
67,91,0.9816772,5
67,45,0.9816772,6
67,92,0.97797346,7
67,90,0.97797346,8
67,46,0.977971,9
67,44,0.977971,10
68,69,0.9962259,1
68,67,0.9962259,2
68,66,0.9849888,3
68,92,0.9816772,4
68,46,0.9816772,5
68,93,0.97797346,6
68,91,0.97797346,7
68,45,0.977971,8
68,94,0.96694595,9
68,90,0.96694595,10
69,68,0.9962259,1
69,67,0.9849888,2
69,93,0.9816772,3
69,94,0.97797346,4
69,92,0.97797346,5
69,46,0.977971,6
69,91,0.96694595,7
69,45,0.9669362,8
69,66,0.96654123,9
69,90,0.9488424,10
70,71,0.99622846,1
70,72,0.9849989,2
70,96,0.9816772,3
70,97,0.977976,4
70,95,0.977976,5
70,47,0.97797346,6
70,98,0.966956,7
70,48,0.96694595,8
70,73,0.9665636,9
70,99,0.9488646,10
71,72,0.99622846,1
71,70,0.99622846,2
71,73,0.9849989,3
71,97,0.9816772,4
71,47,0.9816772,5
71,98,0.977976,6
71,96,0.977976,7
71,48,0.97797346,8
71,99,0.966956,9
71,95,0.966956,10
72,73,0.99622846,1
72,71,0.99622846,2
72,74,0.9849989,3
72,70,0.9849989,4
72,98,0.9816772,5
72,48,0.9816772,6
72,99,0.977976,7
72,97,0.977976,8
72,49,0.97797346,9
72,47,0.97797346,10
73,74,0.99622846,1
73,72,0.99622846,2
73,75,0.9849989,3
73,71,0.9849989,4
73,99,0.9816772,5
73,49,0.9816772,6
73,100,0.977976,7
73,98,0.977976,8
73,50,0.97797346,9
73,48,0.97797346,10
74,75,0.99622846,1
74,73,0.99622846,2
74,76,0.9849989,3
74,72,0.9849989,4
74,100,0.9816772,5
74,50,0.9816772,6
74,101,0.977976,7
74,99,0.977976,8
74,51,0.97797346,9
74,49,0.97797346,10
75,76,0.99622846,1
75,74,0.99622846,2
75,77,0.9849989,3
75,73,0.9849989,4
75,101,0.9816772,5
75,51,0.9816772,6
75,102,0.977976,7
75,100,0.977976,8
75,52,0.97797346,9
75,50,0.97797346,10
76,77,0.99622846,1
76,75,0.99622846,2
76,78,0.9849989,3
76,74,0.9849989,4
76,102,0.9816772,5
76,52,0.9816772,6
76,103,0.977976,7
76,101,0.977976,8
76,53,0.97797346,9
76,51,0.97797346,10
77,78,0.99622846,1
77,76,0.99622846,2
77,79,0.9849989,3
77,75,0.9849989,4
77,53,0.9816772,5
77,103,0.9816772,6
77,104,0.977976,7
77,102,0.977976,8
77,54,0.97797346,9
77,52,0.97797346,10
78,79,0.99622846,1
78,77,0.99622846,2
78,80,0.9849989,3
78,76,0.9849989,4
78,104,0.9816772,5
78,54,0.9816772,6
78,105,0.977976,7
78,103,0.977976,8
78,53,0.97797346,9
78,55,0.97797346,10
79,80,0.99622846,1
79,78,0.99622846,2
79,81,0.9849989,3
79,77,0.9849989,4
79,105,0.9816772,5
79,55,0.9816772,6
79,106,0.977976,7
79,104,0.977976,8
79,56,0.97797346,9
79,54,0.97797346,10
80,81,0.99622846,1
80,79,0.99622846,2
80,82,0.9849989,3
80,78,0.9849989,4
80,106,0.9816772,5
80,56,0.9816772,6
80,107,0.977976,7
80,105,0.977976,8
80,57,0.97797346,9
80,55,0.97797346,10
81,82,0.99622846,1
81,80,0.99622846,2
81,83,0.9849989,3
81,79,0.9849989,4
81,107,0.9816772,5
81,57,0.9816772,6
81,108,0.977976,7
81,106,0.977976,8
81,58,0.97797346,9
81,56,0.97797346,10
82,83,0.99622846,1
82,81,0.99622846,2
82,84,0.9849989,3
82,80,0.9849989,4
82,108,0.9816772,5
82,58,0.9816772,6
82,109,0.977976,7
82,107,0.977976,8
82,59,0.97797346,9
82,57,0.97797346,10
83,84,0.99622846,1
83,82,0.99622846,2
83,85,0.9849989,3
83,81,0.9849989,4
83,109,0.9816772,5
83,59,0.9816772,6
83,110,0.977976,7
83,108,0.977976,8
83,60,0.97797346,9
83,58,0.97797346,10
84,85,0.99622846,1
84,83,0.99622846,2
84,86,0.9849989,3
84,82,0.9849989,4
84,110,0.9816772,5
84,60,0.9816772,6
84,109,0.977976,7
84,111,0.977976,8
84,61,0.97797346,9
84,59,0.97797346,10
85,86,0.99622846,1
85,84,0.99622846,2
85,87,0.9849989,3
85,83,0.9849989,4
85,111,0.9816772,5
85,61,0.9816772,6
85,112,0.977976,7
85,110,0.977976,8
85,62,0.97797346,9
85,60,0.97797346,10
86,87,0.99622846,1
86,85,0.99622846,2
86,88,0.9849989,3
86,84,0.9849989,4
86,112,0.9816772,5
86,62,0.9816772,6
86,113,0.977976,7
86,111,0.977976,8
86,63,0.97797346,9
86,61,0.97797346,10
87,88,0.99622846,1
87,86,0.99622846,2
87,89,0.9849989,3
87,85,0.9849989,4
87,113,0.9816772,5
87,63,0.9816772,6
87,114,0.977976,7
87,112,0.977976,8
87,64,0.97797346,9
87,62,0.97797346,10
88,89,0.99622846,1
88,87,0.99622846,2
88,90,0.9849989,3
88,86,0.9849989,4
88,114,0.9816772,5
88,64,0.9816772,6
88,115,0.977976,7
88,113,0.977976,8
88,65,0.97797346,9
88,63,0.97797346,10
89,90,0.99622846,1
89,88,0.99622846,2
89,91,0.9849989,3
89,87,0.9849989,4
89,115,0.9816772,5
89,65,0.9816772,6
89,116,0.977976,7
89,114,0.977976,8
89,66,0.97797346,9
89,64,0.97797346,10
90,91,0.99622846,1
90,89,0.99622846,2
90,92,0.9849989,3
90,88,0.9849989,4
90,116,0.9816772,5
90,66,0.9816772,6
90,117,0.977976,7
90,115,0.977976,8
90,67,0.97797346,9
90,65,0.97797346,10
91,92,0.99622846,1
91,90,0.99622846,2
91,93,0.9849989,3
91,89,0.9849989,4
91,117,0.9816772,5
91,67,0.9816772,6
91,118,0.977976,7
91,116,0.977976,8
91,68,0.97797346,9
91,66,0.97797346,10
92,93,0.99622846,1
92,91,0.99622846,2
92,94,0.9849989,3
92,90,0.9849989,4
92,118,0.9816772,5
92,68,0.9816772,6
92,119,0.977976,7
92,117,0.977976,8
92,69,0.97797346,9
92,67,0.97797346,10
93,94,0.99622846,1
93,92,0.99622846,2
93,91,0.9849989,3
93,119,0.9816772,4
93,69,0.9816772,5
93,120,0.977976,6
93,118,0.977976,7
93,68,0.97797346,8
93,121,0.966956,9
93,117,0.966956,10
94,93,0.99622846,1
94,92,0.9849989,2
94,120,0.9816772,3
94,121,0.977976,4
94,119,0.977976,5
94,69,0.97797346,6
94,118,0.966956,7
94,68,0.96694595,8
94,91,0.9665636,9
94,117,0.9488646,10
95,96,0.9962311,1
95,97,0.98500925,2
95,122,0.97797865,3
95,70,0.977976,4
95,123,0.9669663,5
95,71,0.966956,6
95,98,0.9665864,7
95,124,0.9488873,8
95,72,0.9488646,9
95,99,0.94137186,10
96,97,0.9962311,1
96,95,0.9962311,2
96,98,0.98500925,3
96,122,0.9816772,4
96,70,0.9816772,5
96,123,0.97797865,6
96,71,0.977976,7
96,124,0.9669663,8
96,72,0.966956,9
96,99,0.9665864,10
97,98,0.9962311,1
97,96,0.9962311,2
97,99,0.98500925,3
97,95,0.98500925,4
97,123,0.9816772,5
97,71,0.9816772,6
97,124,0.97797865,7
97,122,0.97797865,8
97,72,0.977976,9
97,70,0.977976,10
98,99,0.9962311,1
98,97,0.9962311,2
98,100,0.98500925,3
98,96,0.98500925,4
98,124,0.9816772,5
98,72,0.9816772,6
98,125,0.97797865,7
98,123,0.97797865,8
98,73,0.977976,9
98,71,0.977976,10
99,100,0.9962311,1
99,98,0.9962311,2
99,101,0.98500925,3
99,97,0.98500925,4
99,125,0.9816772,5
99,73,0.9816772,6
99,126,0.97797865,7
99,124,0.97797865,8
99,74,0.977976,9
99,72,0.977976,10
100,101,0.9962311,1
100,99,0.9962311,2
100,102,0.98500925,3
100,98,0.98500925,4
100,126,0.9816772,5
100,74,0.9816772,6
100,125,0.97797865,7
100,127,0.97797865,8
100,75,0.977976,9
100,73,0.977976,10
101,102,0.9962311,1
101,100,0.9962311,2
101,103,0.98500925,3
101,99,0.98500925,4
101,127,0.9816772,5
101,75,0.9816772,6
101,128,0.97797865,7
101,126,0.97797865,8
101,76,0.977976,9
101,74,0.977976,10
102,103,0.9962311,1
102,101,0.9962311,2
102,104,0.98500925,3
102,100,0.98500925,4
102,128,0.9816772,5
102,76,0.9816772,6
102,129,0.97797865,7
102,127,0.97797865,8
102,77,0.977976,9
102,75,0.977976,10
103,104,0.9962311,1
103,102,0.9962311,2
103,105,0.98500925,3
103,101,0.98500925,4
103,129,0.9816772,5
103,77,0.9816772,6
103,130,0.97797865,7
103,128,0.97797865,8
103,78,0.977976,9
103,76,0.977976,10
104,105,0.9962311,1
104,103,0.9962311,2
104,106,0.98500925,3
104,102,0.98500925,4
104,130,0.9816772,5
104,78,0.9816772,6
104,131,0.97797865,7
104,129,0.97797865,8
104,79,0.977976,9
104,77,0.977976,10
105,106,0.9962311,1
105,104,0.9962311,2
105,107,0.98500925,3
105,103,0.98500925,4
105,131,0.9816772,5
105,79,0.9816772,6
105,132,0.97797865,7
105,130,0.97797865,8
105,80,0.977976,9
105,78,0.977976,10
106,107,0.9962311,1
106,105,0.9962311,2
106,108,0.98500925,3
106,104,0.98500925,4
106,132,0.9816772,5
106,80,0.9816772,6
106,133,0.97797865,7
106,131,0.97797865,8
106,81,0.977976,9
106,79,0.977976,10
107,108,0.9962311,1
107,106,0.9962311,2
107,109,0.98500925,3
107,105,0.98500925,4
107,133,0.9816772,5
107,81,0.9816772,6
107,134,0.97797865,7
107,132,0.97797865,8
107,82,0.977976,9
107,80,0.977976,10
108,109,0.9962311,1
108,107,0.9962311,2
108,110,0.98500925,3
108,106,0.98500925,4
108,134,0.9816772,5
108,82,0.9816772,6
108,135,0.97797865,7
108,133,0.97797865,8
108,83,0.977976,9
108,81,0.977976,10
109,110,0.9962311,1
109,108,0.9962311,2
109,111,0.98500925,3
109,107,0.98500925,4
109,135,0.9816772,5
109,83,0.9816772,6
109,136,0.97797865,7
109,134,0.97797865,8
109,84,0.977976,9
109,82,0.977976,10
110,111,0.9962311,1
110,109,0.9962311,2
110,112,0.98500925,3
110,108,0.98500925,4
110,136,0.9816772,5
110,84,0.9816772,6
110,137,0.97797865,7
110,135,0.97797865,8
110,85,0.977976,9
110,83,0.977976,10
111,112,0.9962311,1
111,110,0.9962311,2
111,113,0.98500925,3
111,109,0.98500925,4
111,137,0.9816772,5
111,85,0.9816772,6
111,138,0.97797865,7
111,136,0.97797865,8
111,86,0.977976,9
111,84,0.977976,10
112,113,0.9962311,1
112,111,0.9962311,2
112,114,0.98500925,3
112,110,0.98500925,4
112,138,0.9816772,5
112,86,0.9816772,6
112,139,0.97797865,7
112,137,0.97797865,8
112,87,0.977976,9
112,85,0.977976,10
113,114,0.9962311,1
113,112,0.9962311,2
113,115,0.98500925,3
113,111,0.98500925,4
113,139,0.9816772,5
113,87,0.9816772,6
113,140,0.97797865,7
113,138,0.97797865,8
113,88,0.977976,9
113,86,0.977976,10
114,115,0.9962311,1
114,113,0.9962311,2
114,116,0.98500925,3
114,112,0.98500925,4
114,140,0.9816772,5
114,88,0.9816772,6
114,141,0.97797865,7
114,139,0.97797865,8
114,89,0.977976,9
114,87,0.977976,10
115,116,0.9962311,1
115,114,0.9962311,2
115,117,0.98500925,3
115,113,0.98500925,4
115,141,0.9816772,5
115,89,0.9816772,6
115,142,0.97797865,7
115,140,0.97797865,8
115,90,0.977976,9
115,88,0.977976,10
116,117,0.9962311,1
116,115,0.9962311,2
116,118,0.98500925,3
116,114,0.98500925,4
116,142,0.9816772,5
116,90,0.9816772,6
116,141,0.97797865,7
116,143,0.97797865,8
116,91,0.977976,9
116,89,0.977976,10
117,118,0.9962311,1
117,116,0.9962311,2
117,119,0.98500925,3
117,115,0.98500925,4
117,143,0.9816772,5
117,91,0.9816772,6
117,144,0.97797865,7
117,142,0.97797865,8
117,92,0.977976,9
117,90,0.977976,10
118,119,0.9962311,1
118,117,0.9962311,2
118,120,0.98500925,3
118,116,0.98500925,4
118,144,0.9816772,5
118,92,0.9816772,6
118,145,0.97797865,7
118,143,0.97797865,8
118,93,0.977976,9
118,91,0.977976,10
119,120,0.9962311,1
119,118,0.9962311,2
119,121,0.98500925,3
119,117,0.98500925,4
119,145,0.9816772,5
119,93,0.9816772,6
119,146,0.97797865,7
119,144,0.97797865,8
119,94,0.977976,9
119,92,0.977976,10
120,121,0.9962311,1
120,119,0.9962311,2
120,118,0.98500925,3
120,146,0.9816772,4
120,94,0.9816772,5
120,147,0.97797865,6
120,145,0.97797865,7
120,93,0.977976,8
120,144,0.9669663,9
120,92,0.966956,10
121,120,0.9962311,1
121,119,0.98500925,2
121,147,0.9816772,3
121,146,0.97797865,4
121,94,0.977976,5
121,145,0.9669663,6
121,93,0.966956,7
121,118,0.9665864,8
121,144,0.9488873,9
121,92,0.9488646,10
122,123,0.99623376,1
122,124,0.98501986,2
122,149,0.9816772,3
122,96,0.9816772,4
122,150,0.97798127,5
122,148,0.97798127,6
122,97,0.97797865,7
122,95,0.97797865,8
122,151,0.9669768,9
122,98,0.9669663,10
123,124,0.99623376,1
123,122,0.99623376,2
123,125,0.98501986,3
123,150,0.9816772,4
123,97,0.9816772,5
123,151,0.97798127,6
123,149,0.97798127,7
123,98,0.97797865,8
123,96,0.97797865,9
123,152,0.9669768,10
124,125,0.99623376,1
124,123,0.99623376,2
124,126,0.98501986,3
124,122,0.98501986,4
124,151,0.9816772,5
124,98,0.9816772,6
124,152,0.97798127,7
124,150,0.97798127,8
124,99,0.97797865,9
124,97,0.97797865,10
125,126,0.99623376,1
125,124,0.99623376,2
125,127,0.98501986,3
125,123,0.98501986,4
125,152,0.9816772,5
125,99,0.9816772,6
125,153,0.97798127,7
125,151,0.97798127,8
125,100,0.97797865,9
125,98,0.97797865,10
126,127,0.99623376,1
126,125,0.99623376,2
126,128,0.98501986,3
126,124,0.98501986,4
126,153,0.9816772,5
126,100,0.9816772,6
126,154,0.97798127,7
126,152,0.97798127,8
126,101,0.97797865,9
126,99,0.97797865,10
127,128,0.99623376,1
127,126,0.99623376,2
127,129,0.98501986,3
127,125,0.98501986,4
127,154,0.9816772,5
127,101,0.9816772,6
127,155,0.97798127,7
127,153,0.97798127,8
127,102,0.97797865,9
127,100,0.97797865,10
128,129,0.99623376,1
128,127,0.99623376,2
128,130,0.98501986,3
128,126,0.98501986,4
128,155,0.9816772,5
128,102,0.9816772,6
128,156,0.97798127,7
128,154,0.97798127,8
128,103,0.97797865,9
128,101,0.97797865,10
129,130,0.99623376,1
129,128,0.99623376,2
129,131,0.98501986,3
129,127,0.98501986,4
129,156,0.9816772,5
129,103,0.9816772,6
129,157,0.97798127,7
129,155,0.97798127,8
129,104,0.97797865,9
129,102,0.97797865,10
130,131,0.99623376,1
130,129,0.99623376,2
130,132,0.98501986,3
130,128,0.98501986,4
130,157,0.9816772,5
130,104,0.9816772,6
130,158,0.97798127,7
130,156,0.97798127,8
130,105,0.97797865,9
130,103,0.97797865,10
131,132,0.99623376,1
131,130,0.99623376,2
131,133,0.98501986,3
131,129,0.98501986,4
131,158,0.9816772,5
131,105,0.9816772,6
131,157,0.97798127,7
131,159,0.97798127,8
131,106,0.97797865,9
131,104,0.97797865,10
132,133,0.99623376,1
132,131,0.99623376,2
132,134,0.98501986,3
132,130,0.98501986,4
132,159,0.9816772,5
132,106,0.9816772,6
132,160,0.97798127,7
132,158,0.97798127,8
132,107,0.97797865,9
132,105,0.97797865,10
133,134,0.99623376,1
133,132,0.99623376,2
133,135,0.98501986,3
133,131,0.98501986,4
133,160,0.9816772,5
133,107,0.9816772,6
133,161,0.97798127,7
133,159,0.97798127,8
133,108,0.97797865,9
133,106,0.97797865,10
134,135,0.99623376,1
134,133,0.99623376,2
134,136,0.98501986,3
134,132,0.98501986,4
134,161,0.9816772,5
134,108,0.9816772,6
134,160,0.97798127,7
134,162,0.97798127,8
134,109,0.97797865,9
134,107,0.97797865,10
135,136,0.99623376,1
135,134,0.99623376,2
135,137,0.98501986,3
135,133,0.98501986,4
135,162,0.9816772,5
135,109,0.9816772,6
135,163,0.97798127,7
135,161,0.97798127,8
135,110,0.97797865,9
135,108,0.97797865,10
136,137,0.99623376,1
136,135,0.99623376,2
136,138,0.98501986,3
136,134,0.98501986,4
136,163,0.9816772,5
136,110,0.9816772,6
136,164,0.97798127,7
136,162,0.97798127,8
136,111,0.97797865,9
136,109,0.97797865,10
137,138,0.99623376,1
137,136,0.99623376,2
137,139,0.98501986,3
137,135,0.98501986,4
137,164,0.9816772,5
137,111,0.9816772,6
137,165,0.97798127,7
137,163,0.97798127,8
137,112,0.97797865,9
137,110,0.97797865,10
138,139,0.99623376,1
138,137,0.99623376,2
138,140,0.98501986,3
138,136,0.98501986,4
138,165,0.9816772,5
138,112,0.9816772,6
138,166,0.97798127,7
138,164,0.97798127,8
138,113,0.97797865,9
138,111,0.97797865,10
139,140,0.99623376,1
139,138,0.99623376,2
139,141,0.98501986,3
139,137,0.98501986,4
139,166,0.9816772,5
139,113,0.9816772,6
139,167,0.97798127,7
139,165,0.97798127,8
139,114,0.97797865,9
139,112,0.97797865,10
140,141,0.99623376,1
140,139,0.99623376,2
140,142,0.98501986,3
140,138,0.98501986,4
140,167,0.9816772,5
140,114,0.9816772,6
140,168,0.97798127,7
140,166,0.97798127,8
140,115,0.97797865,9
140,113,0.97797865,10
141,142,0.99623376,1
141,140,0.99623376,2
141,143,0.98501986,3
141,139,0.98501986,4
141,168,0.9816772,5
141,115,0.9816772,6
141,169,0.97798127,7
141,167,0.97798127,8
141,116,0.97797865,9
141,114,0.97797865,10
142,143,0.99623376,1
142,141,0.99623376,2
142,144,0.98501986,3
142,140,0.98501986,4
142,169,0.9816772,5
142,116,0.9816772,6
142,170,0.97798127,7
142,168,0.97798127,8
142,117,0.97797865,9
142,115,0.97797865,10
143,144,0.99623376,1
143,142,0.99623376,2
143,145,0.98501986,3
143,141,0.98501986,4
143,170,0.9816772,5
143,117,0.9816772,6
143,171,0.97798127,7
143,169,0.97798127,8
143,118,0.97797865,9
143,116,0.97797865,10
144,145,0.99623376,1
144,143,0.99623376,2
144,146,0.98501986,3
144,142,0.98501986,4
144,171,0.9816772,5
144,118,0.9816772,6
144,172,0.97798127,7
144,170,0.97798127,8
144,119,0.97797865,9
144,117,0.97797865,10
145,146,0.99623376,1
145,144,0.99623376,2
145,147,0.98501986,3
145,143,0.98501986,4
145,172,0.9816772,5
145,119,0.9816772,6
145,173,0.97798127,7
145,171,0.97798127,8
145,120,0.97797865,9
145,118,0.97797865,10
146,147,0.99623376,1
146,145,0.99623376,2
146,144,0.98501986,3
146,173,0.9816772,4
146,120,0.9816772,5
146,174,0.97798127,6
146,172,0.97798127,7
146,121,0.97797865,8
146,119,0.97797865,9
146,171,0.9669768,10
147,146,0.99623376,1
147,145,0.98501986,2
147,174,0.9816772,3
147,121,0.9816772,4
147,173,0.97798127,5
147,120,0.97797865,6
147,172,0.9669768,7
147,119,0.9669663,8
147,144,0.96660984,9
147,171,0.94891053,10
148,149,0.9962365,1
148,150,0.9850307,2
148,175,0.9816772,3
148,176,0.977984,4
148,122,0.97798127,5
148,177,0.9669876,6
148,123,0.9669768,7
148,151,0.96663374,8
148,178,0.9489343,9
148,124,0.94891053,10
149,150,0.9962365,1
149,148,0.9962365,2
149,151,0.9850307,3
149,176,0.9816772,4
149,122,0.9816772,5
149,177,0.977984,6
149,175,0.977984,7
149,123,0.97798127,8
149,178,0.9669876,9
149,124,0.9669768,10
150,151,0.9962365,1
150,149,0.9962365,2
150,152,0.9850307,3
150,148,0.9850307,4
150,177,0.9816772,5
150,123,0.9816772,6
150,178,0.977984,7
150,176,0.977984,8
150,124,0.97798127,9
150,122,0.97798127,10
151,152,0.9962365,1
151,150,0.9962365,2
151,153,0.9850307,3
151,149,0.9850307,4
151,178,0.9816772,5
151,124,0.9816772,6
151,179,0.977984,7
151,177,0.977984,8
151,125,0.97798127,9
151,123,0.97798127,10
152,153,0.9962365,1
152,151,0.9962365,2
152,154,0.9850307,3
152,150,0.9850307,4
152,179,0.9816772,5
152,125,0.9816772,6
152,180,0.977984,7
152,178,0.977984,8
152,126,0.97798127,9
152,124,0.97798127,10
153,154,0.9962365,1
153,152,0.9962365,2
153,155,0.9850307,3
153,151,0.9850307,4
153,180,0.9816772,5
153,126,0.9816772,6
153,181,0.977984,7
153,179,0.977984,8
153,127,0.97798127,9
153,125,0.97798127,10
154,155,0.9962365,1
154,153,0.9962365,2
154,156,0.9850307,3
154,152,0.9850307,4
154,181,0.9816772,5
154,127,0.9816772,6
154,182,0.977984,7
154,180,0.977984,8
154,128,0.97798127,9
154,126,0.97798127,10
155,156,0.9962365,1
155,154,0.9962365,2
155,157,0.9850307,3
155,153,0.9850307,4
155,182,0.9816772,5
155,128,0.9816772,6
155,183,0.977984,7
155,181,0.977984,8
155,129,0.97798127,9
155,127,0.97798127,10
156,157,0.9962365,1
156,155,0.9962365,2
156,158,0.9850307,3
156,154,0.9850307,4
156,183,0.9816772,5
156,129,0.9816772,6
156,184,0.977984,7
156,182,0.977984,8
156,130,0.97798127,9
156,128,0.97798127,10
157,158,0.9962365,1
157,156,0.9962365,2
157,159,0.9850307,3
157,155,0.9850307,4
157,184,0.9816772,5
157,130,0.9816772,6
157,185,0.977984,7
157,183,0.977984,8
157,131,0.97798127,9
157,129,0.97798127,10
158,159,0.9962365,1
158,157,0.9962365,2
158,160,0.9850307,3
158,156,0.9850307,4
158,185,0.9816772,5
158,131,0.9816772,6
158,186,0.977984,7
158,184,0.977984,8
158,132,0.97798127,9
158,130,0.97798127,10
159,160,0.9962365,1
159,158,0.9962365,2
159,161,0.9850307,3
159,157,0.9850307,4
159,186,0.9816772,5
159,132,0.9816772,6
159,187,0.977984,7
159,185,0.977984,8
159,133,0.97798127,9
159,131,0.97798127,10
160,161,0.9962365,1
160,159,0.9962365,2
160,162,0.9850307,3
160,158,0.9850307,4
160,187,0.9816772,5
160,133,0.9816772,6
160,188,0.977984,7
160,186,0.977984,8
160,134,0.97798127,9
160,132,0.97798127,10
161,160,0.9962365,1
161,162,0.9962365,2
161,163,0.9850307,3
161,159,0.9850307,4
161,188,0.9816772,5
161,134,0.9816772,6
161,189,0.977984,7
161,187,0.977984,8
161,135,0.97798127,9
161,133,0.97798127,10
162,163,0.9962365,1
162,161,0.9962365,2
162,160,0.9850307,3
162,164,0.9850307,4
162,189,0.9816772,5
162,135,0.9816772,6
162,190,0.977984,7
162,188,0.977984,8
162,136,0.97798127,9
162,134,0.97798127,10
163,164,0.9962365,1
163,162,0.9962365,2
163,165,0.9850307,3
163,161,0.9850307,4
163,190,0.9816772,5
163,136,0.9816772,6
163,189,0.977984,7
163,191,0.977984,8
163,137,0.97798127,9
163,135,0.97798127,10
164,165,0.9962365,1
164,163,0.9962365,2
164,166,0.9850307,3
164,162,0.9850307,4
164,191,0.9816772,5
164,137,0.9816772,6
164,192,0.977984,7
164,190,0.977984,8
164,138,0.97798127,9
164,136,0.97798127,10
165,166,0.9962365,1
165,164,0.9962365,2
165,167,0.9850307,3
165,163,0.9850307,4
165,192,0.9816772,5
165,138,0.9816772,6
165,193,0.977984,7
165,191,0.977984,8
165,139,0.97798127,9
165,137,0.97798127,10
166,167,0.9962365,1
166,165,0.9962365,2
166,168,0.9850307,3
166,164,0.9850307,4
166,193,0.9816772,5
166,139,0.9816772,6
166,194,0.977984,7
166,192,0.977984,8
166,140,0.97798127,9
166,138,0.97798127,10
167,168,0.9962365,1
167,166,0.9962365,2
167,169,0.9850307,3
167,165,0.9850307,4
167,194,0.9816772,5
167,140,0.9816772,6
167,195,0.977984,7
167,193,0.977984,8
167,141,0.97798127,9
167,139,0.97798127,10
168,169,0.9962365,1
168,167,0.9962365,2
168,170,0.9850307,3
168,166,0.9850307,4
168,195,0.9816772,5
168,141,0.9816772,6
168,196,0.977984,7
168,194,0.977984,8
168,142,0.97798127,9
168,140,0.97798127,10
169,170,0.9962365,1
169,168,0.9962365,2
169,171,0.9850307,3
169,167,0.9850307,4
169,196,0.9816772,5
169,142,0.9816772,6
169,197,0.977984,7
169,195,0.977984,8
169,143,0.97798127,9
169,141,0.97798127,10
170,171,0.9962365,1
170,169,0.9962365,2
170,172,0.9850307,3
170,168,0.9850307,4
170,197,0.9816772,5
170,143,0.9816772,6
170,198,0.977984,7
170,196,0.977984,8
170,144,0.97798127,9
170,142,0.97798127,10
171,172,0.9962365,1
171,170,0.9962365,2
171,173,0.9850307,3
171,169,0.9850307,4
171,198,0.9816772,5
171,144,0.9816772,6
171,199,0.977984,7
171,197,0.977984,8
171,145,0.97798127,9
171,143,0.97798127,10
172,173,0.9962365,1
172,171,0.9962365,2
172,174,0.9850307,3
172,170,0.9850307,4
172,199,0.9816772,5
172,145,0.9816772,6
172,200,0.977984,7
172,198,0.977984,8
172,146,0.97798127,9
172,144,0.97798127,10
173,174,0.9962365,1
173,172,0.9962365,2
173,171,0.9850307,3
173,200,0.9816772,4
173,146,0.9816772,5
173,201,0.977984,6
173,199,0.977984,7
173,147,0.97798127,8
173,145,0.97798127,9
173,198,0.9669876,10
174,173,0.9962365,1
174,172,0.9850307,2
174,201,0.9816772,3
174,147,0.9816772,4
174,200,0.977984,5
174,146,0.97798127,6
174,199,0.9669876,7
174,145,0.9669768,8
174,171,0.96663374,9
174,198,0.9489343,10
175,176,0.9962393,1
175,177,0.9850418,2
175,202,0.9816772,3
175,148,0.9816772,4
175,203,0.9779868,5
175,149,0.977984,6
175,204,0.9669986,7
175,150,0.9669876,8
175,178,0.96665823,9
175,205,0.94895864,10
176,177,0.9962393,1
176,175,0.9962393,2
176,178,0.9850418,3
176,203,0.9816772,4
176,149,0.9816772,5
176,204,0.9779868,6
176,202,0.9779868,7
176,150,0.977984,8
176,148,0.977984,9
176,205,0.9669986,10
177,178,0.9962393,1
177,176,0.9962393,2
177,179,0.9850418,3
177,175,0.9850418,4
177,204,0.9816772,5
177,150,0.9816772,6
177,205,0.9779868,7
177,203,0.9779868,8
177,151,0.977984,9
177,149,0.977984,10
178,179,0.9962393,1
178,177,0.9962393,2
178,180,0.9850418,3
178,176,0.9850418,4
178,205,0.9816772,5
178,151,0.9816772,6
178,206,0.9779868,7
178,204,0.9779868,8
178,152,0.977984,9
178,150,0.977984,10
179,180,0.9962393,1
179,178,0.9962393,2
179,181,0.9850418,3
179,177,0.9850418,4
179,206,0.9816772,5
179,152,0.9816772,6
179,205,0.9779868,7
179,207,0.9779868,8
179,153,0.977984,9
179,151,0.977984,10
180,181,0.9962393,1
180,179,0.9962393,2
180,182,0.9850418,3
180,178,0.9850418,4
180,207,0.9816772,5
180,153,0.9816772,6
180,208,0.9779868,7
180,206,0.9779868,8
180,154,0.977984,9
180,152,0.977984,10
181,182,0.9962393,1
181,180,0.9962393,2
181,183,0.9850418,3
181,179,0.9850418,4
181,208,0.9816772,5
181,154,0.9816772,6
181,209,0.9779868,7
181,207,0.9779868,8
181,155,0.977984,9
181,153,0.977984,10
182,183,0.9962393,1
182,181,0.9962393,2
182,184,0.9850418,3
182,180,0.9850418,4
182,209,0.9816772,5
182,155,0.9816772,6
182,210,0.9779868,7
182,208,0.9779868,8
182,156,0.977984,9
182,154,0.977984,10
183,184,0.9962393,1
183,182,0.9962393,2
183,185,0.9850418,3
183,181,0.9850418,4
183,210,0.9816772,5
183,156,0.9816772,6
183,211,0.9779868,7
183,209,0.9779868,8
183,157,0.977984,9
183,155,0.977984,10
184,185,0.9962393,1
184,183,0.9962393,2
184,186,0.9850418,3
184,182,0.9850418,4
184,211,0.9816772,5
184,157,0.9816772,6
184,212,0.9779868,7
184,210,0.9779868,8
184,158,0.977984,9
184,156,0.977984,10
185,186,0.9962393,1
185,184,0.9962393,2
185,187,0.9850418,3
185,183,0.9850418,4
185,212,0.9816772,5
185,158,0.9816772,6
185,213,0.9779868,7
185,211,0.9779868,8
185,159,0.977984,9
185,157,0.977984,10
186,187,0.9962393,1
186,185,0.9962393,2
186,188,0.9850418,3
186,184,0.9850418,4
186,213,0.9816772,5
186,159,0.9816772,6
186,214,0.9779868,7
186,212,0.9779868,8
186,160,0.977984,9
186,158,0.977984,10
187,188,0.9962393,1
187,186,0.9962393,2
187,189,0.9850418,3
187,185,0.9850418,4
187,214,0.9816772,5
187,160,0.9816772,6
187,215,0.9779868,7
187,213,0.9779868,8
187,161,0.977984,9
187,159,0.977984,10
188,189,0.9962393,1
188,187,0.9962393,2
188,190,0.9850418,3
188,186,0.9850418,4
188,161,0.9816772,5
188,215,0.9816772,6
188,214,0.9779868,7
188,216,0.9779868,8
188,162,0.977984,9
188,160,0.977984,10
189,190,0.9962393,1
189,188,0.9962393,2
189,191,0.9850418,3
189,187,0.9850418,4
189,216,0.9816772,5
189,162,0.9816772,6
189,217,0.9779868,7
189,215,0.9779868,8
189,161,0.977984,9
189,163,0.977984,10
190,191,0.9962393,1
190,189,0.9962393,2
190,192,0.9850418,3
190,188,0.9850418,4
190,217,0.9816772,5
190,163,0.9816772,6
190,216,0.9779868,7
190,218,0.9779868,8
190,164,0.977984,9
190,162,0.977984,10
191,192,0.9962393,1
191,190,0.9962393,2
191,193,0.9850418,3
191,189,0.9850418,4
191,218,0.9816772,5
191,164,0.9816772,6
191,219,0.9779868,7
191,217,0.9779868,8
191,165,0.977984,9
191,163,0.977984,10
192,193,0.9962393,1
192,191,0.9962393,2
192,194,0.9850418,3
192,190,0.9850418,4
192,219,0.9816772,5
192,165,0.9816772,6
192,218,0.9779868,7
192,220,0.9779868,8
192,166,0.977984,9
192,164,0.977984,10
193,194,0.9962393,1
193,192,0.9962393,2
193,195,0.9850418,3
193,191,0.9850418,4
193,220,0.9816772,5
193,166,0.9816772,6
193,219,0.9779868,7
193,221,0.9779868,8
193,167,0.977984,9
193,165,0.977984,10
194,195,0.9962393,1
194,193,0.9962393,2
194,196,0.9850418,3
194,192,0.9850418,4
194,221,0.9816772,5
194,167,0.9816772,6
194,222,0.9779868,7
194,220,0.9779868,8
194,168,0.977984,9
194,166,0.977984,10
195,196,0.9962393,1
195,194,0.9962393,2
195,197,0.9850418,3
195,193,0.9850418,4
195,222,0.9816772,5
195,168,0.9816772,6
195,221,0.9779868,7
195,223,0.9779868,8
195,169,0.977984,9
195,167,0.977984,10
196,197,0.9962393,1
196,195,0.9962393,2
196,198,0.9850418,3
196,194,0.9850418,4
196,223,0.9816772,5
196,169,0.9816772,6
196,224,0.9779868,7
196,222,0.9779868,8
196,170,0.977984,9
196,168,0.977984,10
197,198,0.9962393,1
197,196,0.9962393,2
197,199,0.9850418,3
197,195,0.9850418,4
197,224,0.9816772,5
197,170,0.9816772,6
197,225,0.9779868,7
197,223,0.9779868,8
197,171,0.977984,9
197,169,0.977984,10
198,199,0.9962393,1
198,197,0.9962393,2
198,200,0.9850418,3
198,196,0.9850418,4
198,225,0.9816772,5
198,171,0.9816772,6
198,226,0.9779868,7
198,224,0.9779868,8
198,172,0.977984,9
198,170,0.977984,10
199,200,0.9962393,1
199,198,0.9962393,2
199,201,0.9850418,3
199,197,0.9850418,4
199,226,0.9816772,5
199,172,0.9816772,6
199,225,0.9779868,7
199,227,0.9779868,8
199,173,0.977984,9
199,171,0.977984,10
200,201,0.9962393,1
200,199,0.9962393,2
200,198,0.9850418,3
200,227,0.9816772,4
200,173,0.9816772,5
200,226,0.9779868,6
200,174,0.977984,7
200,172,0.977984,8
200,225,0.9669986,9
200,171,0.9669876,10
201,200,0.9962393,1
201,199,0.9850418,2
201,174,0.9816772,3
201,227,0.9779868,4
201,173,0.977984,5
201,226,0.9669986,6
201,172,0.9669876,7
201,198,0.96665823,8
201,225,0.94895864,9
201,171,0.9489343,10
202,203,0.99624217,1
202,204,0.9850531,2
202,228,0.9816772,3
202,175,0.9816772,4
202,229,0.9779896,5
202,176,0.9779868,6
202,230,0.96700984,7
202,177,0.9669986,8
202,205,0.96668327,9
202,231,0.9489835,10
203,204,0.99624217,1
203,202,0.99624217,2
203,205,0.9850531,3
203,229,0.9816772,4
203,176,0.9816772,5
203,230,0.9779896,6
203,228,0.9779896,7
203,177,0.9779868,8
203,175,0.9779868,9
203,231,0.96700984,10
204,205,0.99624217,1
204,203,0.99624217,2
204,206,0.9850531,3
204,202,0.9850531,4
204,230,0.9816772,5
204,177,0.9816772,6
204,229,0.9779896,7
204,231,0.9779896,8
204,178,0.9779868,9
204,176,0.9779868,10
205,206,0.99624217,1
205,204,0.99624217,2
205,207,0.9850531,3
205,203,0.9850531,4
205,231,0.9816772,5
205,178,0.9816772,6
205,230,0.9779896,7
205,232,0.9779896,8
205,179,0.9779868,9
205,177,0.9779868,10
206,207,0.99624217,1
206,205,0.99624217,2
206,208,0.9850531,3
206,204,0.9850531,4
206,232,0.9816772,5
206,179,0.9816772,6
206,231,0.9779896,7
206,233,0.9779896,8
206,180,0.9779868,9
206,178,0.9779868,10
207,208,0.99624217,1
207,206,0.99624217,2
207,209,0.9850531,3
207,205,0.9850531,4
207,233,0.9816772,5
207,180,0.9816772,6
207,234,0.9779896,7
207,232,0.9779896,8
207,181,0.9779868,9
207,179,0.9779868,10
208,209,0.99624217,1
208,207,0.99624217,2
208,210,0.9850531,3
208,206,0.9850531,4
208,234,0.9816772,5
208,181,0.9816772,6
208,233,0.9779896,7
208,235,0.9779896,8
208,182,0.9779868,9
208,180,0.9779868,10
209,210,0.99624217,1
209,208,0.99624217,2
209,211,0.9850531,3
209,207,0.9850531,4
209,235,0.9816772,5
209,182,0.9816772,6
209,234,0.9779896,7
209,236,0.9779896,8
209,183,0.9779868,9
209,181,0.9779868,10
210,211,0.99624217,1
210,209,0.99624217,2
210,212,0.9850531,3
210,208,0.9850531,4
210,236,0.9816772,5
210,183,0.9816772,6
210,237,0.9779896,7
210,235,0.9779896,8
210,184,0.9779868,9
210,182,0.9779868,10
211,212,0.99624217,1
211,210,0.99624217,2
211,213,0.9850531,3
211,209,0.9850531,4
211,237,0.9816772,5
211,184,0.9816772,6
211,236,0.9779896,7
211,238,0.9779896,8
211,185,0.9779868,9
211,183,0.9779868,10
212,213,0.99624217,1
212,211,0.99624217,2
212,214,0.9850531,3
212,210,0.9850531,4
212,238,0.9816772,5
212,185,0.9816772,6
212,237,0.9779896,7
212,239,0.9779896,8
212,186,0.9779868,9
212,184,0.9779868,10
213,214,0.99624217,1
213,212,0.99624217,2
213,215,0.9850531,3
213,211,0.9850531,4
213,239,0.9816772,5
213,186,0.9816772,6
213,238,0.9779896,7
213,240,0.9779896,8
213,187,0.9779868,9
213,185,0.9779868,10
214,213,0.99624217,1
214,215,0.99624217,2
214,216,0.9850531,3
214,212,0.9850531,4
214,240,0.9816772,5
214,187,0.9816772,6
214,241,0.9779896,7
214,239,0.9779896,8
214,188,0.9779868,9
214,186,0.9779868,10
215,216,0.99624217,1
215,214,0.99624217,2
215,217,0.9850531,3
215,213,0.9850531,4
215,241,0.9816772,5
215,188,0.9816772,6
215,240,0.9779896,7
215,242,0.9779896,8
215,189,0.9779868,9
215,187,0.9779868,10
216,217,0.99624217,1
216,215,0.99624217,2
216,218,0.9850531,3
216,214,0.9850531,4
216,242,0.9816772,5
216,189,0.9816772,6
216,243,0.9779896,7
216,241,0.9779896,8
216,190,0.9779868,9
216,188,0.9779868,10
217,218,0.99624217,1
217,216,0.99624217,2
217,215,0.9850531,3
217,219,0.9850531,4
217,243,0.9816772,5
217,190,0.9816772,6
217,244,0.9779896,7
217,242,0.9779896,8
217,191,0.9779868,9
217,189,0.9779868,10
218,219,0.99624217,1
218,217,0.99624217,2
218,216,0.9850531,3
218,220,0.9850531,4
218,244,0.9816772,5
218,191,0.9816772,6
218,243,0.9779896,7
218,245,0.9779896,8
218,192,0.9779868,9
218,190,0.9779868,10
219,220,0.99624217,1
219,218,0.99624217,2
219,217,0.9850531,3
219,221,0.9850531,4
219,245,0.9816772,5
219,192,0.9816772,6
219,244,0.9779896,7
219,246,0.9779896,8
219,193,0.9779868,9
219,191,0.9779868,10
220,221,0.99624217,1
220,219,0.99624217,2
220,218,0.9850531,3
220,222,0.9850531,4
220,246,0.9816772,5
220,193,0.9816772,6
220,247,0.9779896,7
220,245,0.9779896,8
220,194,0.9779868,9
220,192,0.9779868,10
221,220,0.99624217,1
221,222,0.99624217,2
221,219,0.9850531,3
221,223,0.9850531,4
221,247,0.9816772,5
221,194,0.9816772,6
221,248,0.9779896,7
221,246,0.9779896,8
221,195,0.9779868,9
221,193,0.9779868,10
222,223,0.99624217,1
222,221,0.99624217,2
222,224,0.9850531,3
222,220,0.9850531,4
222,248,0.9816772,5
222,195,0.9816772,6
222,249,0.9779896,7
222,247,0.9779896,8
222,196,0.9779868,9
222,194,0.9779868,10
223,222,0.99624217,1
223,224,0.99624217,2
223,221,0.9850531,3
223,225,0.9850531,4
223,249,0.9816772,5
223,196,0.9816772,6
223,250,0.9779896,7
223,248,0.9779896,8
223,197,0.9779868,9
223,195,0.9779868,10
224,225,0.99624217,1
224,223,0.99624217,2
224,226,0.9850531,3
224,222,0.9850531,4
224,250,0.9816772,5
224,197,0.9816772,6
224,249,0.9779896,7
224,198,0.9779868,8
224,196,0.9779868,9
224,251,0.96700984,10
225,224,0.99624217,1
225,226,0.99624217,2
225,223,0.9850531,3
225,227,0.9850531,4
225,198,0.9816772,5
225,251,0.9779896,6
225,250,0.9779896,7
225,199,0.9779868,8
225,197,0.9779868,9
225,249,0.96700984,10
226,225,0.99624217,1
226,227,0.99624217,2
226,224,0.9850531,3
226,251,0.9816772,4
226,199,0.9816772,5
226,200,0.9779868,6
226,198,0.9779868,7
226,250,0.96700984,8
226,201,0.9669986,9
226,197,0.9669986,10
227,226,0.99624217,1
227,225,0.9850531,2
227,200,0.9816772,3
227,251,0.9779896,4
227,201,0.9779868,5
227,199,0.9779868,6
227,198,0.9669986,7
227,224,0.96668327,8
227,250,0.9489835,9
227,197,0.94895864,10
228,229,0.9962451,1
228,230,0.9850647,2
228,253,0.9816772,3
228,202,0.9816772,4
228,254,0.97799253,5
228,252,0.97799253,6
228,203,0.9779896,7
228,255,0.96702135,8
228,204,0.96700984,9
228,231,0.9667089,10
229,230,0.9962451,1
229,228,0.9962451,2
229,231,0.9850647,3
229,254,0.9816772,4
229,203,0.9816772,5
229,255,0.97799253,6
229,253,0.97799253,7
229,204,0.9779896,8
229,202,0.9779896,9
229,252,0.96702135,10
230,231,0.9962451,1
230,229,0.9962451,2
230,232,0.9850647,3
230,228,0.9850647,4
230,255,0.9816772,5
230,204,0.9816772,6
230,254,0.97799253,7
230,256,0.97799253,8
230,205,0.9779896,9
230,203,0.9779896,10
231,232,0.9962451,1
231,230,0.9962451,2
231,233,0.9850647,3
231,229,0.9850647,4
231,256,0.9816772,5
231,205,0.9816772,6
231,257,0.97799253,7
231,255,0.97799253,8
231,206,0.9779896,9
231,204,0.9779896,10
232,231,0.9962451,1
232,233,0.9962451,2
232,230,0.9850647,3
232,234,0.9850647,4
232,257,0.9816772,5
232,206,0.9816772,6
232,258,0.97799253,7
232,256,0.97799253,8
232,207,0.9779896,9
232,205,0.9779896,10
233,232,0.9962451,1
233,234,0.9962451,2
233,231,0.9850647,3
233,235,0.9850647,4
233,258,0.9816772,5
233,207,0.9816772,6
233,257,0.97799253,7
233,259,0.97799253,8
233,208,0.9779896,9
233,206,0.9779896,10
234,233,0.9962451,1
234,235,0.9962451,2
234,232,0.9850647,3
234,236,0.9850647,4
234,259,0.9816772,5
234,208,0.9816772,6
234,258,0.97799253,7
234,260,0.97799253,8
234,209,0.9779896,9
234,207,0.9779896,10
235,234,0.9962451,1
235,236,0.9962451,2
235,233,0.9850647,3
235,237,0.9850647,4
235,260,0.9816772,5
235,209,0.9816772,6
235,261,0.97799253,7
235,259,0.97799253,8
235,210,0.9779896,9
235,208,0.9779896,10
236,237,0.9962451,1
236,235,0.9962451,2
236,234,0.9850647,3
236,238,0.9850647,4
236,261,0.9816772,5
236,210,0.9816772,6
236,262,0.97799253,7
236,260,0.97799253,8
236,211,0.9779896,9
236,209,0.9779896,10
237,238,0.9962451,1
237,236,0.9962451,2
237,239,0.9850647,3
237,235,0.9850647,4
237,262,0.9816772,5
237,211,0.9816772,6
237,263,0.97799253,7
237,261,0.97799253,8
237,212,0.9779896,9
237,210,0.9779896,10
238,239,0.9962451,1
238,237,0.9962451,2
238,240,0.9850647,3
238,236,0.9850647,4
238,263,0.9816772,5
238,212,0.9816772,6
238,264,0.97799253,7
238,262,0.97799253,8
238,213,0.9779896,9
238,211,0.9779896,10
239,238,0.9962451,1
239,240,0.9962451,2
239,241,0.9850647,3
239,237,0.9850647,4
239,264,0.9816772,5
239,213,0.9816772,6
239,265,0.97799253,7
239,263,0.97799253,8
239,214,0.9779896,9
239,212,0.9779896,10
240,241,0.9962451,1
240,239,0.9962451,2
240,238,0.9850647,3
240,242,0.9850647,4
240,214,0.9816772,5
240,265,0.9816772,6
240,264,0.97799253,7
240,266,0.97799253,8
240,215,0.9779896,9
240,213,0.9779896,10
241,240,0.9962451,1
241,242,0.9962451,2
241,239,0.9850647,3
241,243,0.9850647,4
241,266,0.9816772,5
241,215,0.9816772,6
241,267,0.97799253,7
241,265,0.97799253,8
241,214,0.9779896,9
241,216,0.9779896,10
242,243,0.9962451,1
242,241,0.9962451,2
242,244,0.9850647,3
242,240,0.9850647,4
242,216,0.9816772,5
242,267,0.9816772,6
242,266,0.97799253,7
242,268,0.97799253,8
242,217,0.9779896,9
242,215,0.9779896,10
243,244,0.9962451,1
243,242,0.9962451,2
243,245,0.9850647,3
243,241,0.9850647,4
243,217,0.9816772,5
243,268,0.9816772,6
243,269,0.97799253,7
243,267,0.97799253,8
243,218,0.9779896,9
243,216,0.9779896,10
244,245,0.9962451,1
244,243,0.9962451,2
244,246,0.9850647,3
244,242,0.9850647,4
244,218,0.9816772,5
244,269,0.9816772,6
244,270,0.97799253,7
244,268,0.97799253,8
244,217,0.9779896,9
244,219,0.9779896,10
245,246,0.9962451,1
245,244,0.9962451,2
245,247,0.9850647,3
245,243,0.9850647,4
245,219,0.9816772,5
245,270,0.9816772,6
245,271,0.97799253,7
245,269,0.97799253,8
245,218,0.9779896,9
245,220,0.9779896,10
246,247,0.9962451,1
246,245,0.9962451,2
246,248,0.9850647,3
246,244,0.9850647,4
246,220,0.9816772,5
246,271,0.9816772,6
246,272,0.97799253,7
246,270,0.97799253,8
246,221,0.9779896,9
246,219,0.9779896,10
247,248,0.9962451,1
247,246,0.9962451,2
247,245,0.9850647,3
247,249,0.9850647,4
247,272,0.9816772,5
247,221,0.9816772,6
247,271,0.97799253,7
247,273,0.97799253,8
247,222,0.9779896,9
247,220,0.9779896,10
248,249,0.9962451,1
248,247,0.9962451,2
248,250,0.9850647,3
248,246,0.9850647,4
248,222,0.9816772,5
248,273,0.9816772,6
248,274,0.97799253,7
248,272,0.97799253,8
248,223,0.9779896,9
248,221,0.9779896,10
249,250,0.9962451,1
249,248,0.9962451,2
249,247,0.9850647,3
249,223,0.9816772,4
249,274,0.9816772,5
249,275,0.97799253,6
249,273,0.97799253,7
249,222,0.9779896,8
249,224,0.9779896,9
249,272,0.96702135,10
250,249,0.9962451,1
250,251,0.9850647,2
250,248,0.9850647,3
250,224,0.9816772,4
250,275,0.9816772,5
250,274,0.97799253,6
250,225,0.9779896,7
250,223,0.9779896,8
250,273,0.96702135,9
250,226,0.96700984,10
251,250,0.9850647,1
251,226,0.9816772,2
251,227,0.9779896,3
251,225,0.9779896,4
251,275,0.96702135,5
251,224,0.96700984,6
251,249,0.9667089,7
251,274,0.9490088,8
251,223,0.9489835,9
251,248,0.94158393,10
252,253,0.99624807,1
252,254,0.98507655,2
252,276,0.9779955,3
252,228,0.97799253,4
252,277,0.9670331,5
252,229,0.96702135,6
252,255,0.966735,7
252,278,0.94903475,8
252,230,0.9490088,9
252,256,0.9416292,10
253,254,0.99624807,1
253,252,0.99624807,2
253,255,0.98507655,3
253,276,0.9816772,4
253,228,0.9816772,5
253,277,0.9779955,6
253,229,0.97799253,7
253,278,0.9670331,8
253,230,0.96702135,9
253,256,0.966735,10
254,255,0.99624807,1
254,253,0.99624807,2
254,252,0.98507655,3
254,256,0.98507655,4
254,229,0.9816772,5
254,277,0.9816772,6
254,276,0.9779955,7
254,278,0.9779955,8
254,228,0.97799253,9
254,230,0.97799253,10
255,256,0.99624807,1
255,254,0.99624807,2
255,257,0.98507655,3
255,253,0.98507655,4
255,230,0.9816772,5
255,278,0.9816772,6
255,279,0.9779955,7
255,277,0.9779955,8
255,231,0.97799253,9
255,229,0.97799253,10
256,257,0.99624807,1
256,255,0.99624807,2
256,258,0.98507655,3
256,254,0.98507655,4
256,279,0.9816772,5
256,231,0.9816772,6
256,280,0.9779955,7
256,278,0.9779955,8
256,230,0.97799253,9
256,232,0.97799253,10
257,258,0.99624807,1
257,256,0.99624807,2
257,255,0.98507655,3
257,259,0.98507655,4
257,232,0.9816772,5
257,280,0.9816772,6
257,281,0.9779955,7
257,279,0.9779955,8
257,231,0.97799253,9
257,233,0.97799253,10
258,259,0.99624807,1
258,257,0.99624807,2
258,260,0.98507655,3
258,256,0.98507655,4
258,233,0.9816772,5
258,281,0.9816772,6
258,282,0.9779955,7
258,280,0.9779955,8
258,232,0.97799253,9
258,234,0.97799253,10
259,260,0.99624807,1
259,258,0.99624807,2
259,261,0.98507655,3
259,257,0.98507655,4
259,234,0.9816772,5
259,282,0.9816772,6
259,283,0.9779955,7
259,281,0.9779955,8
259,235,0.97799253,9
259,233,0.97799253,10
260,261,0.99624807,1
260,259,0.99624807,2
260,262,0.98507655,3
260,258,0.98507655,4
260,235,0.9816772,5
260,283,0.9816772,6
260,284,0.9779955,7
260,282,0.9779955,8
260,234,0.97799253,9
260,236,0.97799253,10
261,262,0.99624807,1
261,260,0.99624807,2
261,263,0.98507655,3
261,259,0.98507655,4
261,284,0.9816772,5
261,236,0.9816772,6
261,285,0.9779955,7
261,283,0.9779955,8
261,235,0.97799253,9
261,237,0.97799253,10
262,263,0.99624807,1
262,261,0.99624807,2
262,260,0.98507655,3
262,264,0.98507655,4
262,285,0.9816772,5
262,237,0.9816772,6
262,286,0.9779955,7
262,284,0.9779955,8
262,236,0.97799253,9
262,238,0.97799253,10
263,264,0.99624807,1
263,262,0.99624807,2
263,265,0.98507655,3
263,261,0.98507655,4
263,286,0.9816772,5
263,238,0.9816772,6
263,285,0.9779955,7
263,287,0.9779955,8
263,237,0.97799253,9
263,239,0.97799253,10
264,265,0.99624807,1
264,263,0.99624807,2
264,266,0.98507655,3
264,262,0.98507655,4
264,239,0.9816772,5
264,287,0.9816772,6
264,286,0.9779955,7
264,288,0.9779955,8
264,238,0.97799253,9
264,240,0.97799253,10
265,266,0.99624807,1
265,264,0.99624807,2
265,267,0.98507655,3
265,263,0.98507655,4
265,240,0.9816772,5
265,288,0.9816772,6
265,287,0.9779955,7
265,289,0.9779955,8
265,239,0.97799253,9
265,241,0.97799253,10
266,265,0.99624807,1
266,267,0.99624807,2
266,264,0.98507655,3
266,268,0.98507655,4
266,241,0.9816772,5
266,289,0.9816772,6
266,290,0.9779955,7
266,288,0.9779955,8
266,240,0.97799253,9
266,242,0.97799253,10
267,268,0.99624807,1
267,266,0.99624807,2
267,265,0.98507655,3
267,269,0.98507655,4
267,242,0.9816772,5
267,290,0.9816772,6
267,291,0.9779955,7
267,289,0.9779955,8
267,241,0.97799253,9
267,243,0.97799253,10
268,269,0.99624807,1
268,267,0.99624807,2
268,270,0.98507655,3
268,266,0.98507655,4
268,243,0.9816772,5
268,291,0.9816772,6
268,292,0.9779955,7
268,290,0.9779955,8
268,242,0.97799253,9
268,244,0.97799253,10
269,270,0.99624807,1
269,268,0.99624807,2
269,271,0.98507655,3
269,267,0.98507655,4
269,244,0.9816772,5
269,292,0.9816772,6
269,293,0.9779955,7
269,291,0.9779955,8
269,245,0.97799253,9
269,243,0.97799253,10
270,271,0.99624807,1
270,269,0.99624807,2
270,272,0.98507655,3
270,268,0.98507655,4
270,245,0.9816772,5
270,293,0.9816772,6
270,294,0.9779955,7
270,292,0.9779955,8
270,244,0.97799253,9
270,246,0.97799253,10
271,270,0.99624807,1
271,272,0.99624807,2
271,269,0.98507655,3
271,273,0.98507655,4
271,294,0.9816772,5
271,246,0.9816772,6
271,293,0.9779955,7
271,295,0.9779955,8
271,245,0.97799253,9
271,247,0.97799253,10
272,273,0.99624807,1
272,271,0.99624807,2
272,274,0.98507655,3
272,270,0.98507655,4
272,295,0.9816772,5
272,247,0.9816772,6
272,296,0.9779955,7
272,294,0.9779955,8
272,246,0.97799253,9
272,248,0.97799253,10
273,274,0.99624807,1
273,272,0.99624807,2
273,271,0.98507655,3
273,275,0.98507655,4
273,248,0.9816772,5
273,296,0.9816772,6
273,297,0.9779955,7
273,295,0.9779955,8
273,249,0.97799253,9
273,247,0.97799253,10
274,275,0.99624807,1
274,273,0.99624807,2
274,272,0.98507655,3
274,249,0.9816772,4
274,297,0.9816772,5
274,296,0.9779955,6
274,250,0.97799253,7
274,248,0.97799253,8
274,295,0.9670331,9
274,247,0.96702135,10
275,274,0.99624807,1
275,273,0.98507655,2
275,250,0.9816772,3
275,297,0.9779955,4
275,249,0.97799253,5
275,296,0.9670331,6
275,248,0.96702135,7
275,251,0.96702135,8
275,272,0.966735,9
275,295,0.94903475,10
276,277,0.9962511,1
276,278,0.98508865,2
276,253,0.9816772,3
276,298,0.9816772,4
276,299,0.97799855,5
276,252,0.9779955,6
276,254,0.9779955,7
276,300,0.96704507,8
276,255,0.9670331,9
276,279,0.9667617,10
277,278,0.9962511,1
277,276,0.9962511,2
277,279,0.98508865,3
277,254,0.9816772,4
277,299,0.9816772,5
277,300,0.97799855,6
277,298,0.97799855,7
277,253,0.9779955,8
277,255,0.9779955,9
277,301,0.96704507,10
278,279,0.9962511,1
278,277,0.9962511,2
278,276,0.98508865,3
278,280,0.98508865,4
278,255,0.9816772,5
278,300,0.9816772,6
278,301,0.97799855,7
278,299,0.97799855,8
278,256,0.9779955,9
278,254,0.9779955,10
279,278,0.9962511,1
279,280,0.9962511,2
279,277,0.98508865,3
279,281,0.98508865,4
279,301,0.9816772,5
279,256,0.9816772,6
279,302,0.97799855,7
279,300,0.97799855,8
279,255,0.9779955,9
279,257,0.9779955,10
280,281,0.9962511,1
280,279,0.9962511,2
280,278,0.98508865,3
280,282,0.98508865,4
280,302,0.9816772,5
280,257,0.9816772,6
280,301,0.97799855,7
280,303,0.97799855,8
280,258,0.9779955,9
280,256,0.9779955,10
281,280,0.9962511,1
281,282,0.9962511,2
281,279,0.98508865,3
281,283,0.98508865,4
281,258,0.9816772,5
281,303,0.9816772,6
281,304,0.97799855,7
281,302,0.97799855,8
281,259,0.9779955,9
281,257,0.9779955,10
282,283,0.9962511,1
282,281,0.9962511,2
282,280,0.98508865,3
282,284,0.98508865,4
282,304,0.9816772,5
282,259,0.9816772,6
282,305,0.97799855,7
282,303,0.97799855,8
282,258,0.9779955,9
282,260,0.9779955,10
283,282,0.9962511,1
283,284,0.9962511,2
283,281,0.98508865,3
283,285,0.98508865,4
283,305,0.9816772,5
283,260,0.9816772,6
283,306,0.97799855,7
283,304,0.97799855,8
283,259,0.9779955,9
283,261,0.9779955,10
284,283,0.9962511,1
284,285,0.9962511,2
284,282,0.98508865,3
284,286,0.98508865,4
284,306,0.9816772,5
284,261,0.9816772,6
284,305,0.97799855,7
284,307,0.97799855,8
284,260,0.9779955,9
284,262,0.9779955,10
285,284,0.9962511,1
285,286,0.9962511,2
285,283,0.98508865,3
285,287,0.98508865,4
285,262,0.9816772,5
285,307,0.9816772,6
285,306,0.97799855,7
285,308,0.97799855,8
285,261,0.9779955,9
285,263,0.9779955,10
286,285,0.9962511,1
286,287,0.9962511,2
286,284,0.98508865,3
286,288,0.98508865,4
286,263,0.9816772,5
286,308,0.9816772,6
286,309,0.97799855,7
286,307,0.97799855,8
286,262,0.9779955,9
286,264,0.9779955,10
287,288,0.9962511,1
287,286,0.9962511,2
287,285,0.98508865,3
287,289,0.98508865,4
287,264,0.9816772,5
287,309,0.9816772,6
287,310,0.97799855,7
287,308,0.97799855,8
287,263,0.9779955,9
287,265,0.9779955,10
288,289,0.9962511,1
288,287,0.9962511,2
288,286,0.98508865,3
288,290,0.98508865,4
288,310,0.9816772,5
288,265,0.9816772,6
288,311,0.97799855,7
288,309,0.97799855,8
288,264,0.9779955,9
288,266,0.9779955,10
289,290,0.9962511,1
289,288,0.9962511,2
289,291,0.98508865,3
289,287,0.98508865,4
289,311,0.9816772,5
289,266,0.9816772,6
289,312,0.97799855,7
289,310,0.97799855,8
289,265,0.9779955,9
289,267,0.9779955,10
290,291,0.9962511,1
290,289,0.9962511,2
290,292,0.98508865,3
290,288,0.98508865,4
290,312,0.9816772,5
290,267,0.9816772,6
290,313,0.97799855,7
290,311,0.97799855,8
290,268,0.9779955,9
290,266,0.9779955,10
291,292,0.9962511,1
291,290,0.9962511,2
291,293,0.98508865,3
291,289,0.98508865,4
291,313,0.9816772,5
291,268,0.9816772,6
291,314,0.97799855,7
291,312,0.97799855,8
291,267,0.9779955,9
291,269,0.9779955,10
292,293,0.9962511,1
292,291,0.9962511,2
292,290,0.98508865,3
292,294,0.98508865,4
292,314,0.9816772,5
292,269,0.9816772,6
292,315,0.97799855,7
292,313,0.97799855,8
292,268,0.9779955,9
292,270,0.9779955,10
293,292,0.9962511,1
293,294,0.9962511,2
293,291,0.98508865,3
293,295,0.98508865,4
293,315,0.9816772,5
293,270,0.9816772,6
293,316,0.97799855,7
293,314,0.97799855,8
293,269,0.9779955,9
293,271,0.9779955,10
294,295,0.9962511,1
294,293,0.9962511,2
294,296,0.98508865,3
294,292,0.98508865,4
294,316,0.9816772,5
294,271,0.9816772,6
294,317,0.97799855,7
294,315,0.97799855,8
294,270,0.9779955,9
294,272,0.9779955,10
295,296,0.9962511,1
295,294,0.9962511,2
295,297,0.98508865,3
295,293,0.98508865,4
295,317,0.9816772,5
295,272,0.9816772,6
295,318,0.97799855,7
295,316,0.97799855,8
295,273,0.9779955,9
295,271,0.9779955,10
296,297,0.9962511,1
296,295,0.9962511,2
296,294,0.98508865,3
296,273,0.9816772,4
296,318,0.9816772,5
296,317,0.97799855,6
296,272,0.9779955,7
296,274,0.9779955,8
296,316,0.96704507,9
296,271,0.9670331,10
297,296,0.9962511,1
297,295,0.98508865,2
297,274,0.9816772,3
297,318,0.97799855,4
297,273,0.9779955,5
297,275,0.9779955,6
297,317,0.96704507,7
297,272,0.9670331,8
297,294,0.9667617,9
297,316,0.9490612,10
298,299,0.99625427,1
298,300,0.9851009,2
298,276,0.9816772,3
298,319,0.9816772,4
298,320,0.97800165,5
298,277,0.97799855,6
298,321,0.9670573,7
298,278,0.96704507,8
298,301,0.9667889,9
298,322,0.9490882,10
299,300,0.99625427,1
299,298,0.99625427,2
299,301,0.9851009,3
299,320,0.9816772,4
299,277,0.9816772,5
299,319,0.97800165,6
299,321,0.97800165,7
299,276,0.97799855,8
299,278,0.97799855,9
299,322,0.9670573,10
300,301,0.99625427,1
300,299,0.99625427,2
300,302,0.9851009,3
300,298,0.9851009,4
300,278,0.9816772,5
300,321,0.9816772,6
300,320,0.97800165,7
300,322,0.97800165,8
300,279,0.97799855,9
300,277,0.97799855,10
301,300,0.99625427,1
301,302,0.99625427,2
301,299,0.9851009,3
301,303,0.9851009,4
301,279,0.9816772,5
301,322,0.9816772,6
301,321,0.97800165,7
301,323,0.97800165,8
301,278,0.97799855,9
301,280,0.97799855,10
302,303,0.99625427,1
302,301,0.99625427,2
302,300,0.9851009,3
302,304,0.9851009,4
302,323,0.9816772,5
302,280,0.9816772,6
302,324,0.97800165,7
302,322,0.97800165,8
302,279,0.97799855,9
302,281,0.97799855,10
303,302,0.99625427,1
303,304,0.99625427,2
303,301,0.9851009,3
303,305,0.9851009,4
303,324,0.9816772,5
303,281,0.9816772,6
303,325,0.97800165,7
303,323,0.97800165,8
303,280,0.97799855,9
303,282,0.97799855,10
304,303,0.99625427,1
304,305,0.99625427,2
304,302,0.9851009,3
304,306,0.9851009,4
304,325,0.9816772,5
304,282,0.9816772,6
304,326,0.97800165,7
304,324,0.97800165,8
304,283,0.97799855,9
304,281,0.97799855,10
305,306,0.99625427,1
305,304,0.99625427,2
305,303,0.9851009,3
305,307,0.9851009,4
305,326,0.9816772,5
305,283,0.9816772,6
305,325,0.97800165,7
305,327,0.97800165,8
305,282,0.97799855,9
305,284,0.97799855,10
306,307,0.99625427,1
306,305,0.99625427,2
306,304,0.9851009,3
306,308,0.9851009,4
306,284,0.9816772,5
306,327,0.9816772,6
306,326,0.97800165,7
306,328,0.97800165,8
306,283,0.97799855,9
306,285,0.97799855,10
307,308,0.99625427,1
307,306,0.99625427,2
307,305,0.9851009,3
307,309,0.9851009,4
307,285,0.9816772,5
307,328,0.9816772,6
307,329,0.97800165,7
307,327,0.97800165,8
307,284,0.97799855,9
307,286,0.97799855,10
308,309,0.99625427,1
308,307,0.99625427,2
308,310,0.9851009,3
308,306,0.9851009,4
308,286,0.9816772,5
308,329,0.9816772,6
308,330,0.97800165,7
308,328,0.97800165,8
308,285,0.97799855,9
308,287,0.97799855,10
309,310,0.99625427,1
309,308,0.99625427,2
309,311,0.9851009,3
309,307,0.9851009,4
309,287,0.9816772,5
309,330,0.9816772,6
309,331,0.97800165,7
309,329,0.97800165,8
309,288,0.97799855,9
309,286,0.97799855,10
310,311,0.99625427,1
310,309,0.99625427,2
310,312,0.9851009,3
310,308,0.9851009,4
310,288,0.9816772,5
310,331,0.9816772,6
310,332,0.97800165,7
310,330,0.97800165,8
310,287,0.97799855,9
310,289,0.97799855,10
311,312,0.99625427,1
311,310,0.99625427,2
311,313,0.9851009,3
311,309,0.9851009,4
311,332,0.9816772,5
311,289,0.9816772,6
311,333,0.97800165,7
311,331,0.97800165,8
311,288,0.97799855,9
311,290,0.97799855,10
312,313,0.99625427,1
312,311,0.99625427,2
312,310,0.9851009,3
312,314,0.9851009,4
312,333,0.9816772,5
312,290,0.9816772,6
312,334,0.97800165,7
312,332,0.97800165,8
312,289,0.97799855,9
312,291,0.97799855,10
313,314,0.99625427,1
313,312,0.99625427,2
313,315,0.9851009,3
313,311,0.9851009,4
313,291,0.9816772,5
313,334,0.9816772,6
313,333,0.97800165,7
313,335,0.97800165,8
313,290,0.97799855,9
313,292,0.97799855,10
314,315,0.99625427,1
314,313,0.99625427,2
314,316,0.9851009,3
314,312,0.9851009,4
314,335,0.9816772,5
314,292,0.9816772,6
314,336,0.97800165,7
314,334,0.97800165,8
314,291,0.97799855,9
314,293,0.97799855,10
315,316,0.99625427,1
315,314,0.99625427,2
315,317,0.9851009,3
315,313,0.9851009,4
315,293,0.9816772,5
315,336,0.9816772,6
315,335,0.97800165,7
315,337,0.97800165,8
315,292,0.97799855,9
315,294,0.97799855,10
316,317,0.99625427,1
316,315,0.99625427,2
316,318,0.9851009,3
316,314,0.9851009,4
316,294,0.9816772,5
316,337,0.9816772,6
316,338,0.97800165,7
316,336,0.97800165,8
316,293,0.97799855,9
316,295,0.97799855,10
317,318,0.99625427,1
317,316,0.99625427,2
317,315,0.9851009,3
317,338,0.9816772,4
317,295,0.9816772,5
317,337,0.97800165,6
317,339,0.97800165,7
317,294,0.97799855,8
317,296,0.97799855,9
317,336,0.9670573,10
318,317,0.99625427,1
318,316,0.9851009,2
318,296,0.9816772,3
318,339,0.9816772,4
318,338,0.97800165,5
318,295,0.97799855,6
318,297,0.97799855,7
318,337,0.9670573,8
318,294,0.96704507,9
318,315,0.9667889,10
319,320,0.9962574,1
319,321,0.9851135,2
319,298,0.9816772,3
319,340,0.97800475,4
319,299,0.97800165,5
319,341,0.96706975,6
319,300,0.9670573,7
319,322,0.96681666,8
319,342,0.9491157,9
319,301,0.9490882,10
320,321,0.9962574,1
320,319,0.9962574,2
320,322,0.9851135,3
320,340,0.9816772,4
320,299,0.9816772,5
320,341,0.97800475,6
320,298,0.97800165,7
320,300,0.97800165,8
320,342,0.96706975,9
320,301,0.9670573,10
321,320,0.9962574,1
321,322,0.9962574,2
321,319,0.9851135,3
321,323,0.9851135,4
321,300,0.9816772,5
321,341,0.9816772,6
321,342,0.97800475,7
321,340,0.97800475,8
321,299,0.97800165,9
321,301,0.97800165,10
322,323,0.9962574,1
322,321,0.9962574,2
322,320,0.9851135,3
322,324,0.9851135,4
322,301,0.9816772,5
322,342,0.9816772,6
322,343,0.97800475,7
322,341,0.97800475,8
322,302,0.97800165,9
322,300,0.97800165,10
323,324,0.9962574,1
323,322,0.9962574,2
323,325,0.9851135,3
323,321,0.9851135,4
323,343,0.9816772,5
323,302,0.9816772,6
323,344,0.97800475,7
323,342,0.97800475,8
323,303,0.97800165,9
323,301,0.97800165,10
324,325,0.9962574,1
324,323,0.9962574,2
324,322,0.9851135,3
324,326,0.9851135,4
324,344,0.9816772,5
324,303,0.9816772,6
324,345,0.97800475,7
324,343,0.97800475,8
324,304,0.97800165,9
324,302,0.97800165,10
325,326,0.9962574,1
325,324,0.9962574,2
325,327,0.9851135,3
325,323,0.9851135,4
325,345,0.9816772,5
325,304,0.9816772,6
325,346,0.97800475,7
325,344,0.97800475,8
325,305,0.97800165,9
325,303,0.97800165,10
326,327,0.9962574,1
326,325,0.9962574,2
326,328,0.9851135,3
326,324,0.9851135,4
326,346,0.9816772,5
326,305,0.9816772,6
326,345,0.97800475,7
326,347,0.97800475,8
326,306,0.97800165,9
326,304,0.97800165,10
327,328,0.9962574,1
327,326,0.9962574,2
327,329,0.9851135,3
327,325,0.9851135,4
327,306,0.9816772,5
327,347,0.9816772,6
327,346,0.97800475,7
327,348,0.97800475,8
327,307,0.97800165,9
327,305,0.97800165,10
328,329,0.9962574,1
328,327,0.9962574,2
328,330,0.9851135,3
328,326,0.9851135,4
328,307,0.9816772,5
328,348,0.9816772,6
328,349,0.97800475,7
328,347,0.97800475,8
328,308,0.97800165,9
328,306,0.97800165,10
329,330,0.9962574,1
329,328,0.9962574,2
329,331,0.9851135,3
329,327,0.9851135,4
329,308,0.9816772,5
329,349,0.9816772,6
329,350,0.97800475,7
329,348,0.97800475,8
329,307,0.97800165,9
329,309,0.97800165,10
330,331,0.9962574,1
330,329,0.9962574,2
330,328,0.9851135,3
330,332,0.9851135,4
330,309,0.9816772,5
330,350,0.9816772,6
330,351,0.97800475,7
330,349,0.97800475,8
330,310,0.97800165,9
330,308,0.97800165,10
331,330,0.9962574,1
331,332,0.9962574,2
331,329,0.9851135,3
331,333,0.9851135,4
331,351,0.9816772,5
331,310,0.9816772,6
331,352,0.97800475,7
331,350,0.97800475,8
331,311,0.97800165,9
331,309,0.97800165,10
332,333,0.9962574,1
332,331,0.9962574,2
332,330,0.9851135,3
332,334,0.9851135,4
332,311,0.9816772,5
332,352,0.9816772,6
332,353,0.97800475,7
332,351,0.97800475,8
332,312,0.97800165,9
332,310,0.97800165,10
333,332,0.9962574,1
333,334,0.9962574,2
333,331,0.9851135,3
333,335,0.9851135,4
333,353,0.9816772,5
333,312,0.9816772,6
333,354,0.97800475,7
333,352,0.97800475,8
333,313,0.97800165,9
333,311,0.97800165,10
334,335,0.9962574,1
334,333,0.9962574,2
334,332,0.9851135,3
334,336,0.9851135,4
334,354,0.9816772,5
334,313,0.9816772,6
334,355,0.97800475,7
334,353,0.97800475,8
334,312,0.97800165,9
334,314,0.97800165,10
335,334,0.9962574,1
335,336,0.9962574,2
335,333,0.9851135,3
335,337,0.9851135,4
335,314,0.9816772,5
335,355,0.9816772,6
335,354,0.97800475,7
335,356,0.97800475,8
335,313,0.97800165,9
335,315,0.97800165,10
336,335,0.9962574,1
336,337,0.9962574,2
336,334,0.9851135,3
336,338,0.9851135,4
336,315,0.9816772,5
336,356,0.9816772,6
336,355,0.97800475,7
336,314,0.97800165,8
336,316,0.97800165,9
336,354,0.96706975,10
337,338,0.9962574,1
337,336,0.9962574,2
337,339,0.9851135,3
337,335,0.9851135,4
337,316,0.9816772,5
337,356,0.97800475,6
337,317,0.97800165,7
337,315,0.97800165,8
337,355,0.96706975,9
337,314,0.9670573,10
338,339,0.9962574,1
338,337,0.9962574,2
338,336,0.9851135,3
338,317,0.9816772,4
338,318,0.97800165,5
338,316,0.97800165,6
338,356,0.96706975,7
338,315,0.9670573,8
338,335,0.96681666,9
338,355,0.9491157,10
339,338,0.9962574,1
339,337,0.9851135,2
339,318,0.9816772,3
339,317,0.97800165,4
339,316,0.9670573,5
339,336,0.96681666,6
339,356,0.9491157,7
339,315,0.9490882,8
339,335,0.94177055,9
339,296,0.92869866,10
340,341,0.99626064,1
340,342,0.9851263,2
340,320,0.9816772,3
340,357,0.978008,4
340,321,0.97800475,5
340,319,0.97800475,6
340,358,0.96708244,7
340,322,0.96706975,8
340,343,0.966845,9
340,359,0.94914377,10
341,342,0.99626064,1
341,340,0.99626064,2
341,343,0.9851263,3
341,321,0.9816772,4
341,357,0.9816772,5
341,358,0.978008,6
341,320,0.97800475,7
341,322,0.97800475,8
341,359,0.96708244,9
341,323,0.96706975,10
342,343,0.99626064,1
342,341,0.99626064,2
342,340,0.9851263,3
342,344,0.9851263,4
342,358,0.9816772,5
342,322,0.9816772,6
342,359,0.978008,7
342,357,0.978008,8
342,321,0.97800475,9
342,323,0.97800475,10
343,344,0.99626064,1
343,342,0.99626064,2
343,345,0.9851263,3
343,341,0.9851263,4
343,323,0.9816772,5
343,359,0.9816772,6
343,360,0.978008,7
343,358,0.978008,8
343,324,0.97800475,9
343,322,0.97800475,10
344,345,0.99626064,1
344,343,0.99626064,2
344,342,0.9851263,3
344,346,0.9851263,4
344,324,0.9816772,5
344,360,0.9816772,6
344,361,0.978008,7
344,359,0.978008,8
344,323,0.97800475,9
344,325,0.97800475,10
345,346,0.99626064,1
345,344,0.99626064,2
345,347,0.9851263,3
345,343,0.9851263,4
345,325,0.9816772,5
345,361,0.9816772,6
345,362,0.978008,7
345,360,0.978008,8
345,324,0.97800475,9
345,326,0.97800475,10
346,347,0.99626064,1
346,345,0.99626064,2
346,348,0.9851263,3
346,344,0.9851263,4
346,362,0.9816772,5
346,326,0.9816772,6
346,363,0.978008,7
346,361,0.978008,8
346,325,0.97800475,9
346,327,0.97800475,10
347,348,0.99626064,1
347,346,0.99626064,2
347,349,0.9851263,3
347,345,0.9851263,4
347,363,0.9816772,5
347,327,0.9816772,6
347,364,0.978008,7
347,362,0.978008,8
347,328,0.97800475,9
347,326,0.97800475,10
348,349,0.99626064,1
348,347,0.99626064,2
348,350,0.9851263,3
348,346,0.9851263,4
348,364,0.9816772,5
348,328,0.9816772,6
348,365,0.978008,7
348,363,0.978008,8
348,327,0.97800475,9
348,329,0.97800475,10
349,350,0.99626064,1
349,348,0.99626064,2
349,347,0.9851263,3
349,351,0.9851263,4
349,365,0.9816772,5
349,329,0.9816772,6
349,366,0.978008,7
349,364,0.978008,8
349,328,0.97800475,9
349,330,0.97800475,10
350,351,0.99626064,1
350,349,0.99626064,2
350,348,0.9851263,3
350,352,0.9851263,4
350,366,0.9816772,5
350,330,0.9816772,6
350,365,0.978008,7
350,367,0.978008,8
350,329,0.97800475,9
350,331,0.97800475,10
351,352,0.99626064,1
351,350,0.99626064,2
351,349,0.9851263,3
351,353,0.9851263,4
351,367,0.9816772,5
351,331,0.9816772,6
351,366,0.978008,7
351,368,0.978008,8
351,330,0.97800475,9
351,332,0.97800475,10
352,351,0.99626064,1
352,353,0.99626064,2
352,350,0.9851263,3
352,354,0.9851263,4
352,332,0.9816772,5
352,368,0.9816772,6
352,367,0.978008,7
352,369,0.978008,8
352,331,0.97800475,9
352,333,0.97800475,10
353,352,0.99626064,1
353,354,0.99626064,2
353,351,0.9851263,3
353,355,0.9851263,4
353,333,0.9816772,5
353,369,0.9816772,6
353,370,0.978008,7
353,368,0.978008,8
353,332,0.97800475,9
353,334,0.97800475,10
354,355,0.99626064,1
354,353,0.99626064,2
354,356,0.9851263,3
354,352,0.9851263,4
354,334,0.9816772,5
354,370,0.9816772,6
354,371,0.978008,7
354,369,0.978008,8
354,335,0.97800475,9
354,333,0.97800475,10
355,356,0.99626064,1
355,354,0.99626064,2
355,353,0.9851263,3
355,335,0.9816772,4
355,371,0.9816772,5
355,372,0.978008,6
355,370,0.978008,7
355,336,0.97800475,8
355,334,0.97800475,9
355,369,0.96708244,10
356,355,0.99626064,1
356,354,0.9851263,2
356,336,0.9816772,3
356,372,0.9816772,4
356,371,0.978008,5
356,335,0.97800475,6
356,337,0.97800475,7
356,370,0.96708244,8
356,334,0.96706975,9
356,338,0.96706975,10
357,358,0.996264,1
357,359,0.98513937,2
357,341,0.9816772,3
357,374,0.9816772,4
357,373,0.97801125,5
357,375,0.97801125,6
357,342,0.978008,7
357,340,0.978008,8
357,376,0.9670954,9
357,343,0.96708244,10
358,359,0.996264,1
358,357,0.996264,2
358,360,0.98513937,3
358,375,0.9816772,4
358,342,0.9816772,5
358,374,0.97801125,6
358,376,0.97801125,7
358,341,0.978008,8
358,343,0.978008,9
358,373,0.9670954,10
359,360,0.996264,1
359,358,0.996264,2
359,361,0.98513937,3
359,357,0.98513937,4
359,343,0.9816772,5
359,376,0.9816772,6
359,377,0.97801125,7
359,375,0.97801125,8
359,344,0.978008,9
359,342,0.978008,10
360,361,0.996264,1
360,359,0.996264,2
360,362,0.98513937,3
360,358,0.98513937,4
360,344,0.9816772,5
360,377,0.9816772,6
360,376,0.97801125,7
360,378,0.97801125,8
360,343,0.978008,9
360,345,0.978008,10
361,362,0.996264,1
361,360,0.996264,2
361,363,0.98513937,3
361,359,0.98513937,4
361,345,0.9816772,5
361,378,0.9816772,6
361,379,0.97801125,7
361,377,0.97801125,8
361,344,0.978008,9
361,346,0.978008,10
362,363,0.996264,1
362,361,0.996264,2
362,360,0.98513937,3
362,364,0.98513937,4
362,346,0.9816772,5
362,379,0.9816772,6
362,380,0.97801125,7
362,378,0.97801125,8
362,345,0.978008,9
362,347,0.978008,10
363,362,0.996264,1
363,364,0.996264,2
363,361,0.98513937,3
363,365,0.98513937,4
363,347,0.9816772,5
363,380,0.9816772,6
363,381,0.97801125,7
363,379,0.97801125,8
363,346,0.978008,9
363,348,0.978008,10
364,365,0.996264,1
364,363,0.996264,2
364,362,0.98513937,3
364,366,0.98513937,4
364,348,0.9816772,5
364,381,0.9816772,6
364,382,0.97801125,7
364,380,0.97801125,8
364,347,0.978008,9
364,349,0.978008,10
365,366,0.996264,1
365,364,0.996264,2
365,367,0.98513937,3
365,363,0.98513937,4
365,349,0.9816772,5
365,382,0.9816772,6
365,383,0.97801125,7
365,381,0.97801125,8
365,348,0.978008,9
365,350,0.978008,10
366,367,0.996264,1
366,365,0.996264,2
366,368,0.98513937,3
366,364,0.98513937,4
366,383,0.9816772,5
366,350,0.9816772,6
366,384,0.97801125,7
366,382,0.97801125,8
366,349,0.978008,9
366,351,0.978008,10
367,366,0.996264,1
367,368,0.996264,2
367,365,0.98513937,3
367,369,0.98513937,4
367,351,0.9816772,5
367,384,0.9816772,6
367,383,0.97801125,7
367,385,0.97801125,8
367,352,0.978008,9
367,350,0.978008,10
368,369,0.996264,1
368,367,0.996264,2
368,366,0.98513937,3
368,370,0.98513937,4
368,385,0.9816772,5
368,352,0.9816772,6
368,386,0.97801125,7
368,384,0.97801125,8
368,353,0.978008,9
368,351,0.978008,10
369,370,0.996264,1
369,368,0.996264,2
369,367,0.98513937,3
369,371,0.98513937,4
369,386,0.9816772,5
369,353,0.9816772,6
369,387,0.97801125,7
369,385,0.97801125,8
369,354,0.978008,9
369,352,0.978008,10
370,371,0.996264,1
370,369,0.996264,2
370,372,0.98513937,3
370,368,0.98513937,4
370,354,0.9816772,5
370,387,0.9816772,6
370,386,0.97801125,7
370,355,0.978008,8
370,353,0.978008,9
370,385,0.9670954,10
371,372,0.996264,1
371,370,0.996264,2
371,369,0.98513937,3
371,355,0.9816772,4
371,387,0.97801125,5
371,356,0.978008,6
371,354,0.978008,7
371,386,0.9670954,8
371,353,0.96708244,9
371,368,0.9668738,10
372,371,0.996264,1
372,370,0.98513937,2
372,356,0.9816772,3
372,355,0.978008,4
372,387,0.9670954,5
372,354,0.96708244,6
372,369,0.9668738,7
372,386,0.9491723,8
372,353,0.94914377,9
372,368,0.9418695,10
373,374,0.9962673,1
373,375,0.9851527,2
373,389,0.9780146,3
373,357,0.97801125,4
373,388,0.96710855,5
373,390,0.96710855,6
373,358,0.9670954,7
373,376,0.96690315,8
373,391,0.94920146,9
373,359,0.9491723,10
374,373,0.9962673,1
374,375,0.9962673,2
374,376,0.9851527,3
374,357,0.9816772,4
374,390,0.9780146,5
374,358,0.97801125,6
374,391,0.96710855,7
374,389,0.96710855,8
374,359,0.9670954,9
374,377,0.96690315,10
375,376,0.9962673,1
375,374,0.9962673,2
375,373,0.9851527,3
375,377,0.9851527,4
375,390,0.9816772,5
375,358,0.9816772,6
375,391,0.9780146,7
375,359,0.97801125,8
375,357,0.97801125,9
375,392,0.96710855,10
376,377,0.9962673,1
376,375,0.9962673,2
376,378,0.9851527,3
376,374,0.9851527,4
376,359,0.9816772,5
376,391,0.9816772,6
376,392,0.9780146,7
376,390,0.9780146,8
376,358,0.97801125,9
376,360,0.97801125,10
377,378,0.9962673,1
377,376,0.9962673,2
377,379,0.9851527,3
377,375,0.9851527,4
377,360,0.9816772,5
377,392,0.9816772,6
377,393,0.9780146,7
377,391,0.9780146,8
377,359,0.97801125,9
377,361,0.97801125,10
378,379,0.9962673,1
378,377,0.9962673,2
378,376,0.9851527,3
378,380,0.9851527,4
378,393,0.9816772,5
378,361,0.9816772,6
378,392,0.9780146,7
378,394,0.9780146,8
378,360,0.97801125,9
378,362,0.97801125,10
379,380,0.9962673,1
379,378,0.9962673,2
379,377,0.9851527,3
379,381,0.9851527,4
379,394,0.9816772,5
379,362,0.9816772,6
379,395,0.9780146,7
379,393,0.9780146,8
379,361,0.97801125,9
379,363,0.97801125,10
380,379,0.9962673,1
380,381,0.9962673,2
380,378,0.9851527,3
380,382,0.9851527,4
380,395,0.9816772,5
380,363,0.9816772,6
380,396,0.9780146,7
380,394,0.9780146,8
380,362,0.97801125,9
380,364,0.97801125,10
381,380,0.9962673,1
381,382,0.9962673,2
381,379,0.9851527,3
381,383,0.9851527,4
381,396,0.9816772,5
381,364,0.9816772,6
381,395,0.9780146,7
381,397,0.9780146,8
381,363,0.97801125,9
381,365,0.97801125,10
382,381,0.9962673,1
382,383,0.9962673,2
382,380,0.9851527,3
382,384,0.9851527,4
382,365,0.9816772,5
382,397,0.9816772,6
382,396,0.9780146,7
382,398,0.9780146,8
382,364,0.97801125,9
382,366,0.97801125,10
383,384,0.9962673,1
383,382,0.9962673,2
383,385,0.9851527,3
383,381,0.9851527,4
383,366,0.9816772,5
383,398,0.9816772,6
383,399,0.9780146,7
383,397,0.9780146,8
383,365,0.97801125,9
383,367,0.97801125,10
384,385,0.9962673,1
384,383,0.9962673,2
384,386,0.9851527,3
384,382,0.9851527,4
384,367,0.9816772,5
384,399,0.9816772,6
384,400,0.9780146,7
384,398,0.9780146,8
384,366,0.97801125,9
384,368,0.97801125,10
385,386,0.9962673,1
385,384,0.9962673,2
385,387,0.9851527,3
385,383,0.9851527,4
385,400,0.9816772,5
385,368,0.9816772,6
385,399,0.9780146,7
385,401,0.9780146,8
385,369,0.97801125,9
385,367,0.97801125,10
386,385,0.9962673,1
386,387,0.9962673,2
386,384,0.9851527,3
386,369,0.9816772,4
386,401,0.9816772,5
386,400,0.9780146,6
386,370,0.97801125,7
386,368,0.97801125,8
386,399,0.96710855,9
386,371,0.9670954,10
387,386,0.9962673,1
387,385,0.9851527,2
387,370,0.9816772,3
387,401,0.9780146,4
387,369,0.97801125,5
387,371,0.97801125,6
387,400,0.96710855,7
387,368,0.9670954,8
387,372,0.9670954,9
387,384,0.96690315,10
388,389,0.9962708,1
388,373,0.96710855,2
388,374,0.94920146,3
388,390,0.9419722,4
388,375,0.92468715,5
388,391,0.9108241,6
388,357,0.8979618,7
388,402,0.8941743,8
388,376,0.89409673,9
388,412,0.8748575,10
389,388,0.9962708,1
389,373,0.9780146,2
389,374,0.96710855,3
389,390,0.9669331,4
389,375,0.94920146,5
389,391,0.9419722,6
389,402,0.92473847,7
389,376,0.92468715,8
389,357,0.91491,9
389,392,0.9108241,10
390,391,0.9962708,1
390,392,0.98516625,2
390,375,0.9816772,3
390,402,0.978018,4
390,374,0.9780146,5
390,376,0.9780146,6
390,403,0.96712196,7
390,373,0.96710855,8
390,377,0.96710855,9
390,389,0.9669331,10
391,392,0.9962708,1
391,390,0.9962708,2
391,393,0.98516625,3
391,376,0.9816772,4
391,402,0.9816772,5
391,403,0.978018,6
391,375,0.9780146,7
391,377,0.9780146,8
391,404,0.96712196,9
391,374,0.96710855,10
392,393,0.9962708,1
392,391,0.9962708,2
392,390,0.98516625,3
392,394,0.98516625,4
392,377,0.9816772,5
392,403,0.9816772,6
392,404,0.978018,7
392,402,0.978018,8
392,376,0.9780146,9
392,378,0.9780146,10
393,394,0.9962708,1
393,392,0.9962708,2
393,391,0.98516625,3
393,395,0.98516625,4
393,378,0.9816772,5
393,404,0.9816772,6
393,405,0.978018,7
393,403,0.978018,8
393,379,0.9780146,9
393,377,0.9780146,10
394,395,0.9962708,1
394,393,0.9962708,2
394,396,0.98516625,3
394,392,0.98516625,4
394,379,0.9816772,5
394,405,0.9816772,6
394,406,0.978018,7
394,404,0.978018,8
394,380,0.9780146,9
394,378,0.9780146,10
395,396,0.9962708,1
395,394,0.9962708,2
395,397,0.98516625,3
395,393,0.98516625,4
395,380,0.9816772,5
395,406,0.9816772,6
395,407,0.978018,7
395,405,0.978018,8
395,379,0.9780146,9
395,381,0.9780146,10
396,397,0.9962708,1
396,395,0.9962708,2
396,398,0.98516625,3
396,394,0.98516625,4
396,381,0.9816772,5
396,407,0.9816772,6
396,408,0.978018,7
396,406,0.978018,8
396,380,0.9780146,9
396,382,0.9780146,10
397,398,0.9962708,1
397,396,0.9962708,2
397,399,0.98516625,3
397,395,0.98516625,4
397,382,0.9816772,5
397,408,0.9816772,6
397,409,0.978018,7
397,407,0.978018,8
397,383,0.9780146,9
397,381,0.9780146,10
398,399,0.9962708,1
398,397,0.9962708,2
398,400,0.98516625,3
398,396,0.98516625,4
398,383,0.9816772,5
398,409,0.9816772,6
398,410,0.978018,7
398,408,0.978018,8
398,384,0.9780146,9
398,382,0.9780146,10
399,398,0.9962708,1
399,400,0.9962708,2
399,397,0.98516625,3
399,401,0.98516625,4
399,384,0.9816772,5
399,410,0.9816772,6
399,411,0.978018,7
399,409,0.978018,8
399,385,0.9780146,9
399,383,0.9780146,10
400,399,0.9962708,1
400,401,0.9962708,2
400,398,0.98516625,3
400,385,0.9816772,4
400,411,0.9816772,5
400,410,0.978018,6
400,386,0.9780146,7
400,384,0.9780146,8
400,409,0.96712196,9
400,387,0.96710855,10
401,400,0.9962708,1
401,399,0.98516625,2
401,386,0.9816772,3
401,411,0.978018,4
401,385,0.9780146,5
401,387,0.9780146,6
401,410,0.96712196,7
401,384,0.96710855,8
401,398,0.9669331,9
401,409,0.9492311,10
402,403,0.99627423,1
402,404,0.98518,2
402,391,0.9816772,3
402,413,0.9816772,4
402,414,0.97802144,5
402,412,0.97802144,6
402,390,0.978018,7
402,392,0.978018,8
402,415,0.96713567,9
402,393,0.96712196,10
403,404,0.99627423,1
403,402,0.99627423,2
403,405,0.98518,3
403,392,0.9816772,4
403,414,0.9816772,5
403,415,0.97802144,6
403,413,0.97802144,7
403,393,0.978018,8
403,391,0.978018,9
403,416,0.96713567,10
404,405,0.99627423,1
404,403,0.99627423,2
404,406,0.98518,3
404,402,0.98518,4
404,393,0.9816772,5
404,415,0.9816772,6
404,416,0.97802144,7
404,414,0.97802144,8
404,394,0.978018,9
404,392,0.978018,10
405,406,0.99627423,1
405,404,0.99627423,2
405,407,0.98518,3
405,403,0.98518,4
405,394,0.9816772,5
405,416,0.9816772,6
405,417,0.97802144,7
405,415,0.97802144,8
405,393,0.978018,9
405,395,0.978018,10
406,407,0.99627423,1
406,405,0.99627423,2
406,408,0.98518,3
406,404,0.98518,4
406,417,0.9816772,5
406,395,0.9816772,6
406,418,0.97802144,7
406,416,0.97802144,8
406,394,0.978018,9
406,396,0.978018,10
407,408,0.99627423,1
407,406,0.99627423,2
407,409,0.98518,3
407,405,0.98518,4
407,418,0.9816772,5
407,396,0.9816772,6
407,419,0.97802144,7
407,417,0.97802144,8
407,397,0.978018,9
407,395,0.978018,10
408,409,0.99627423,1
408,407,0.99627423,2
408,410,0.98518,3
408,406,0.98518,4
408,419,0.9816772,5
408,397,0.9816772,6
408,418,0.97802144,7
408,420,0.97802144,8
408,396,0.978018,9
408,398,0.978018,10
409,410,0.99627423,1
409,408,0.99627423,2
409,411,0.98518,3
409,407,0.98518,4
409,420,0.9816772,5
409,398,0.9816772,6
409,419,0.97802144,7
409,399,0.978018,8
409,397,0.978018,9
409,418,0.96713567,10
410,411,0.99627423,1
410,409,0.99627423,2
410,408,0.98518,3
410,399,0.9816772,4
410,420,0.97802144,5
410,398,0.978018,6
410,400,0.978018,7
410,419,0.96713567,8
410,397,0.96712196,9
410,401,0.96712196,10
411,410,0.99627423,1
411,409,0.98518,2
411,400,0.9816772,3
411,399,0.978018,4
411,401,0.978018,5
411,420,0.96713567,6
411,398,0.96712196,7
411,408,0.9669635,8
411,419,0.94926125,9
411,397,0.9492311,10
412,413,0.9962778,1
412,414,0.9851941,2
412,402,0.97802144,3
412,403,0.96713567,4
412,415,0.9669945,5
412,404,0.94926125,6
412,416,0.94207865,7
412,425,0.92869866,8
412,390,0.92869866,9
412,426,0.9252452,10
413,414,0.9962778,1
413,412,0.9962778,2
413,415,0.9851941,3
413,402,0.9816772,4
413,403,0.97802144,5
413,404,0.96713567,6
413,416,0.9669945,7
413,421,0.94929194,8
413,405,0.94926125,9
413,417,0.94207865,10
414,415,0.9962778,1
414,413,0.9962778,2
414,416,0.9851941,3
414,412,0.9851941,4
414,403,0.9816772,5
414,404,0.97802144,6
414,402,0.97802144,7
414,421,0.96714956,8
414,405,0.96713567,9
414,417,0.9669945,10
415,416,0.9962778,1
415,414,0.9962778,2
415,417,0.9851941,3
415,413,0.9851941,4
415,404,0.9816772,5
415,421,0.97802496,6
415,405,0.97802144,7
415,403,0.97802144,8
415,422,0.96714956,9
415,406,0.96713567,10
416,417,0.9962778,1
416,415,0.9962778,2
416,418,0.9851941,3
416,414,0.9851941,4
416,421,0.9816772,5
416,405,0.9816772,6
416,422,0.97802496,7
416,406,0.97802144,8
416,404,0.97802144,9
416,403,0.96713567,10
417,418,0.9962778,1
417,416,0.9962778,2
417,419,0.9851941,3
417,415,0.9851941,4
417,422,0.9816772,5
417,406,0.9816772,6
417,421,0.97802496,7
417,407,0.97802144,8
417,405,0.97802144,9
417,408,0.96713567,10
418,419,0.9962778,1
418,417,0.9962778,2
418,420,0.9851941,3
418,416,0.9851941,4
418,407,0.9816772,5
418,422,0.97802496,6
418,408,0.97802144,7
418,406,0.97802144,8
418,421,0.96714956,9
418,409,0.96713567,10
419,420,0.9962778,1
419,418,0.9962778,2
419,417,0.9851941,3
419,408,0.9816772,4
419,409,0.97802144,5
419,407,0.97802144,6
419,422,0.96714956,7
419,410,0.96713567,8
419,406,0.96713567,9
419,416,0.9669945,10
420,419,0.9962778,1
420,418,0.9851941,2
420,409,0.9816772,3
420,410,0.97802144,4
420,408,0.97802144,5
420,411,0.96713567,6
420,407,0.96713567,7
420,417,0.9669945,8
420,422,0.94929194,9
420,406,0.94926125,10
421,422,0.9962814,1
421,416,0.9816772,2
421,428,0.97802854,3
421,417,0.97802496,4
421,415,0.97802496,5
421,427,0.9671637,6
421,418,0.96714956,7
421,414,0.96714956,8
421,426,0.9493231,9
421,419,0.94929194,10
422,421,0.9962814,1
422,417,0.9816772,2
422,418,0.97802496,3
422,416,0.97802496,4
422,428,0.9671637,5
422,419,0.96714956,6
422,415,0.96714956,7
422,427,0.9493231,8
422,420,0.94929194,9
422,414,0.94929194,10
423,424,0.9962851,1
423,425,0.9852229,2
423,426,0.9670581,3
423,427,0.94218874,4
423,412,0.9149617,5
423,428,0.9111513,6
423,413,0.8980759,7
423,414,0.87495804,8
423,421,0.8585195,9
423,415,0.8461073,10
424,425,0.9962851,1
424,423,0.9962851,2
424,426,0.9852229,3
424,427,0.9670581,4
424,428,0.94218874,5
424,412,0.9252452,6
424,413,0.9149617,7
424,414,0.8980759,8
424,421,0.89441514,9
424,415,0.87495804,10
425,426,0.9962851,1
425,424,0.9962851,2
425,423,0.9852229,3
425,427,0.9852229,4
425,428,0.9670581,5
425,412,0.92869866,6
425,413,0.9252452,7
425,421,0.9248979,8
425,414,0.9149617,9
425,415,0.8980759,10
426,425,0.9962851,1
426,427,0.9962851,2
426,428,0.9852229,3
426,424,0.9852229,4
426,423,0.9670581,5
426,421,0.9493231,6
426,413,0.92869866,7
426,414,0.9252452,8
426,412,0.9252452,9
426,422,0.9248979,10
427,426,0.9962851,1
427,428,0.9962851,2
427,425,0.9852229,3
427,421,0.9671637,4
427,424,0.9670581,5
427,422,0.9493231,6
427,423,0.94218874,7
427,414,0.92869866,8
427,415,0.9252452,9
427,413,0.9252452,10
428,427,0.9962851,1
428,426,0.9852229,2
428,421,0.97802854,3
428,422,0.9671637,4
428,425,0.9670581,5
428,424,0.94218874,6
428,415,0.92869866,7
428,416,0.9252452,8
428,414,0.9252452,9
428,417,0.9149617,10
